src,stat_area,Year,n_samples,n_aged,prop_old_wt,prop_old_n
Reduction,13,1950,19,1774,0.19994156722764606,0.14366645825796315
Reduction,13,1951,16,1541,0.10935651739445593,0.07204484332536285
Reduction,13,1952,7,696,0.08776597296997427,0.03313131313131313
Reduction,13,1953,31,2951,0.22731621466433205,0.1467491526373007
Reduction,13,1954,15,1360,0.07285745928394301,0.05275598156496629
Reduction,13,1955,15,1447,0.20550666224793684,0.16235004722868565
Reduction,13,1956,55,3513,0.4935816969661588,0.40878543943905393
Reduction,13,1957,34,1547,0.23208853127182247,0.1499270429674563
Reduction,13,1958,53,2428,0.22801437763115276,0.1523496535459346
Reduction,13,1959,15,704,0.1114777475025868,0.08432510092186457
Reduction,13,1960,2,98,0.24971968146271406,0.20583333333333334
Reduction,13,1961,27,1188,0.24413943241464256,0.19541435105674523
Reduction,13,1962,9,403,0.08055132702363275,0.04099804310290632
Reduction,13,1963,23,990,0.08852512039267675,0.06292449294129171
Reduction,13,1964,13,601,0.08051333369771416,0.05800309611885642
Reduction,13,1965,8,385,0.27004976335076125,0.2235784845853235
Reduction,13,1972,3,277,0.22833024161207377,0.1647319973932877
Reduction,14,1953,37,3205,0.4734920430202036,0.3866716480697675
Reduction,14,1954,4,271,0.33886159049150666,0.2888512040971995
Reduction,14,1955,3,249,0.38767559385711486,0.3331928838951311
Reduction,14,1956,28,2128,0.6593020929997497,0.6176899771287767
Reduction,14,1957,10,371,0.5066689025196911,0.43417659786080837
Reduction,14,1958,21,926,0.21843462326256416,0.16941816226844775
Reduction,14,1959,5,226,0.09656033317610979,0.07354026717069806
Reduction,14,1960,5,229,0.20922669612303746,0.17941983885752882
Reduction,14,1961,11,448,0.7227874019726787,0.6834150431818696
Reduction,14,1962,3,115,0.2728133913306608,0.2177777777777778
Reduction,14,1963,11,508,0.08247117715206151,0.05648154613386421
Reduction,14,1964,10,439,0.02133338941021657,0.017563676633444075
Reduction,14,1965,5,240,0.10816534305519157,0.09058340727595386
Reduction,17,1946,5,499,0.15178687314760067,0.09434343434343434
Reduction,17,1947,18,1760,0.1631373519097746,0.12889116949891555
Reduction,17,1948,33,3121,0.044669138763983034,0.031376177193658365
Reduction,17,1949,50,4647,0.06705039947463802,0.050171770819348586
Reduction,17,1950,41,3855,0.10980576850518455,0.07934943593955114
Reduction,17,1951,37,3570,0.12181248501284064,0.08976703511086465
Reduction,17,1952,6,594,0.0934291841805508,0.06916271559128702
Reduction,17,1953,91,8762,0.06912430018038833,0.05046944239308846
Reduction,17,1954,9,794,0.09952537962994033,0.0763058879320099
Reduction,17,1955,12,860,0.08293655491853047,0.058214033100374034
Reduction,17,1956,39,1939,0.16102590902690242,0.13169816485666316
Reduction,17,1957,14,630,0.1571335682385159,0.11334734394512443
Reduction,17,1958,147,6784,0.04764212834333952,0.031109934417171404
Reduction,17,1959,29,1357,0.049913211645769354,0.03698163577878859
Reduction,17,1960,22,1008,0.1382286647418219,0.10222039502527726
Reduction,17,1961,49,2211,0.10004082887480317,0.07200108832662708
Reduction,17,1962,21,902,0.05323672543793957,0.041944728171707586
Reduction,17,1963,38,1743,0.03585239222664082,0.027178971354872083
Reduction,17,1964,29,1335,0.054842096885073716,0.040451521118197796
Reduction,17,1965,1,39,0.1088501291989664,0.05128205128205128
Reduction,18,1946,16,1600,0.07974010290858291,0.05823721309656867
Reduction,18,1947,18,1749,0.19870121696289164,0.163089449080875
Reduction,18,1950,22,2104,0.09269862382278397,0.06412082391263066
Reduction,18,1951,42,3921,0.11488073511249228,0.08389941896175016
Reduction,18,1952,8,760,0.05772231686564166,0.04323373486416965
Reduction,18,1953,38,3618,0.09567634257379115,0.0734377048247378
Reduction,18,1954,20,1874,0.07676303511049905,0.05881935179408528
Reduction,18,1955,43,3924,0.16824177180197147,0.12840245777728487
Reduction,18,1956,68,3681,0.1451006895362473,0.11837207089313781
Reduction,18,1957,49,2298,0.08039036765653779,0.05511351348855092
Reduction,18,1958,37,1682,0.09165606523547744,0.05820663813697365
Reduction,18,1959,16,753,0.04433652331650016,0.034685182141984704
Reduction,18,1960,29,1325,0.0959564912270377,0.06871457996577048
Reduction,18,1961,22,1017,0.13988624117087345,0.10479880350860972
Reduction,18,1962,11,492,0.033501036202799796,0.024432689903814524
Reduction,18,1963,22,1030,0.08498496570612109,0.06359311658193481
Reduction,18,1964,18,752,0.08276488257854475,0.06197527840288313
Reduction,18,1965,9,406,0.24143115254938072,0.18007066857117515
Roe gillnet,14,1976,8,507,0.6285026669750005,0.6063416099022174
Roe gillnet,14,1977,19,1309,0.7189947468489937,0.7012413985022545
Roe gillnet,14,1978,4,273,0.8067467495138897,0.776783123846775
Roe gillnet,14,1979,11,607,0.7742034024703481,0.7622565681895778
Roe gillnet,14,1980,16,730,0.9105766570287143,0.8956603430651237
Roe gillnet,14,1981,19,1140,0.8260578586232153,0.799961569206422
Roe gillnet,14,1982,15,805,0.8255058427278893,0.801639712608436
Roe gillnet,14,1983,6,407,0.7447090427818521,0.7124475271127119
Roe gillnet,14,1984,11,756,0.6625584545458565,0.6243376951245274
Roe gillnet,14,1985,14,1096,0.7340846305271511,0.7088450286914482
Roe gillnet,14,1987,16,1277,0.6745914582606743,0.6524618272478758
Roe gillnet,14,1988,11,821,0.7789807966217109,0.760780044463487
Roe gillnet,14,1989,11,823,0.6014199581052633,0.5829585350766305
Roe gillnet,14,1990,12,879,0.8476766656619655,0.8309001885361252
Roe gillnet,14,1991,15,1087,0.7312434451139483,0.7057213154871856
Roe gillnet,14,1992,15,1168,0.8106848264841896,0.7891652450187504
Roe gillnet,14,1993,12,907,0.5134050435250591,0.48706806885089354
Roe gillnet,14,1994,15,1201,0.7305423010141309,0.714001208806495
Roe gillnet,14,1995,11,926,0.7380257967654247,0.7151806124598143
Roe gillnet,14,1996,7,544,0.8232257345259834,0.8064296832021961
Roe gillnet,14,1997,8,633,0.7947786935023126,0.7735604379770489
Roe gillnet,14,1998,10,859,0.703288157120969,0.6853553156913361
Roe gillnet,14,1999,11,836,0.7000076166641908,0.6861601782210976
Roe gillnet,14,2000,13,1097,0.8527467990732929,0.8420192328398418
Roe gillnet,14,2001,12,1027,0.8006456833519904,0.7867463785927342
Roe gillnet,14,2002,8,670,0.7327337737848502,0.7152119704243237
Roe gillnet,14,2003,15,1104,0.7761962881813809,0.7616042091772236
Roe gillnet,14,2004,3,248,0.7786036821220803,0.7694706726964792
Roe gillnet,14,2005,11,773,0.8804883883569231,0.8737483072816936
Roe gillnet,14,2006,14,926,0.8848577156939996,0.875659972150506
Roe gillnet,14,2007,44,2890,0.8361416287175686,0.8183237396740682
Roe gillnet,14,2008,13,960,0.6561871511911463,0.6367902312207998
Roe gillnet,14,2009,12,877,0.8944751438488946,0.8809148213457965
Roe gillnet,14,2010,3,186,0.5750452118886694,0.5489718614718615
Roe gillnet,14,2011,9,638,0.9361897596458388,0.9276204500920703
Roe gillnet,14,2012,19,1362,0.3206242858725322,0.31294934343542663
Roe gillnet,14,2013,20,1260,0.7619679315609567,0.7514604697470231
Roe gillnet,14,2014,23,1613,0.9225471808366148,0.9172329569777556
Roe gillnet,14,2015,29,1892,0.8179515206797012,0.8013132804086143
Roe gillnet,14,2016,28,1441,0.7290040747457472,0.7040490825086674
Roe gillnet,14,2017,44,2673,0.7627017245222665,0.7539037865374446
Roe gillnet,14,2018,41,2198,0.7906862018240988,0.7772937270628717
Roe gillnet,14,2019,42,2212,0.662218703383152,0.6454940931202814
Roe gillnet,14,2020,54,2729,0.6269361546535274,0.6038020212992554
Roe gillnet,14,2021,42,2221,0.5605173160944086,0.5416928436375411
Roe gillnet,14,2022,30,1768,0.7431073141482409,0.7302736425337025
Roe gillnet,14,2023,29,1618,0.867435894225977,0.8569902855518632
Roe gillnet,14,2024,27,1528,0.7152946942104986,0.6974301931501551
Roe gillnet,15,1972,1,70,0.3297807178733309,0.2857142857142857
Roe gillnet,17,1972,4,240,0.4668989848334427,0.43562618595825425
Roe gillnet,17,1973,1,55,0.7083715596330276,0.6727272727272727
Roe gillnet,17,1974,12,661,0.5586581337675872,0.5371994266606854
Roe gillnet,17,1975,2,102,0.5968744992413604,0.5662225705329154
Roe gillnet,17,1976,3,222,0.6479303669797418,0.619550973470261
Roe gillnet,17,1977,2,114,0.9253880881394883,0.9201298701298701
Roe gillnet,17,1978,3,188,0.8549804930602913,0.8298978798978799
Roe gillnet,17,1987,8,643,0.5774287983619446,0.551629658189885
Roe gillnet,17,1990,7,492,0.7697851806102677,0.7456851004366698
Roe gillnet,17,1998,6,539,0.6065833829920357,0.5894713937408435
Roe gillnet,17,2002,3,245,0.7819450236078768,0.761904761904762
Roe gillnet,17,2003,4,250,0.7749136852004552,0.7589219618289386
Roe gillnet,17,2004,13,937,0.7534267120455229,0.7393150293947928
Roe gillnet,17,2006,1,49,0.8704879679144385,0.8571428571428571
Roe gillnet,17,2008,14,950,0.4647880534714036,0.4469990979012627
Roe gillnet,17,2010,10,737,0.8252980982115892,0.808390438803303
Roe gillnet,17,2011,19,1265,0.9071984751709561,0.8949960775147213
Roe gillnet,17,2012,13,828,0.25651688454819294,0.25231881383337423
Roe gillnet,17,2015,7,416,0.5999490615921905,0.5843094586184279
Roe gillnet,17,2016,13,665,0.5195214084980132,0.4998795177831216
Roe gillnet,17,2017,1,35,0.4733893557422969,0.45714285714285713
Roe gillnet,17,2018,1,38,0.4864657814096016,0.47368421052631576
Roe gillnet,17,2021,9,446,0.5863119861901108,0.5641818696944919
Roe gillnet,18,1972,11,725,0.40676782116544524,0.3816799679488767
Roe gillnet,18,1973,3,169,0.550781833527403,0.4969812164579606
Roe gillnet,18,1974,5,329,0.5463888276684047,0.5199019002276386
Roe gillnet,18,1975,1,62,0.375292118121946,0.3387096774193548
Roe gillnet,18,1976,2,147,0.6053641377205248,0.5749067164179105
Roe gillnet,18,1977,2,175,0.4916654398733412,0.47321661876143195
Roe gillnet,18,1978,1,79,0.7885049487758291,0.759493670886076
Roe seine,13,1972,10,927,0.06952729377746288,0.0496902884019641
Roe seine,13,1975,6,511,0.020714891698394487,0.012378426171529618
Roe seine,14,1972,1,37,0.2539261225392612,0.21621621621621623
Roe seine,14,1976,3,265,0.21703504043515048,0.16746341917323843
Roe seine,14,1977,15,1293,0.238379435232028,0.18363788303929834
Roe seine,14,1978,4,362,0.24376287904247662,0.19979901201084851
Roe seine,14,1979,1,65,0.6238717213549962,0.5846153846153846
Roe seine,14,1980,1,84,0.24664764621968616,0.15476190476190477
Roe seine,14,1981,19,1592,0.47104348953230163,0.3766417562658183
Roe seine,14,1983,11,959,0.5491189540067186,0.4732421788680574
Roe seine,14,1985,11,911,0.22798260918839716,0.1580846534376587
Roe seine,14,1988,12,977,0.38607906554612553,0.31853334983768244
Roe seine,14,1989,11,862,0.2661746173178423,0.22393756938678808
Roe seine,14,1991,8,707,0.359511949462336,0.28850064215204224
Roe seine,14,1992,10,874,0.3604510830307054,0.28185314725676375
Roe seine,14,1993,10,887,0.22380093669144258,0.1745915897011724
Roe seine,14,1994,11,1018,0.39168479379845583,0.31930557694571204
Roe seine,14,1995,10,850,0.44208367554806716,0.3719940606336567
Roe seine,14,1996,17,1461,0.38959312444639715,0.28417386097264535
Roe seine,14,1997,9,800,0.2624048250043442,0.193926208195748
Roe seine,14,1998,11,913,0.27292444757214473,0.21819901285525586
Roe seine,14,1999,11,962,0.3904180763194456,0.33605328763416803
Roe seine,14,2000,11,1026,0.5312055841602809,0.45133466939636824
Roe seine,14,2001,10,918,0.32334961975038395,0.25143169945039084
Roe seine,14,2002,10,909,0.3187552736192789,0.275893227522222
Roe seine,14,2003,11,1011,0.22177918174992872,0.1820719097850138
Roe seine,14,2005,10,838,0.5431978239522395,0.4844403833423901
Roe seine,14,2006,8,676,0.516060257409468,0.4322511339498052
Roe seine,14,2007,20,1712,0.35377332204497214,0.28586560018399154
Roe seine,14,2008,21,1766,0.3278997864350428,0.294740394598267
Roe seine,14,2009,20,1661,0.27552123034225384,0.2005194065647176
Roe seine,14,2012,12,1029,0.17893950890005894,0.15711424524862735
Roe seine,14,2013,25,2148,0.4522236336878424,0.40255603753580926
Roe seine,14,2014,21,1846,0.5538746972671943,0.4869031945147066
Roe seine,14,2015,32,2710,0.21675315332152234,0.18088232581942176
Roe seine,14,2016,30,2305,0.38911937454929524,0.34379522440542837
Roe seine,14,2017,26,2183,0.39801928458668784,0.3504963792780037
Roe seine,14,2018,26,2104,0.42149671540196165,0.36274441550721104
Roe seine,14,2019,30,2213,0.3724953674202569,0.3123574102356254
Roe seine,14,2020,23,1751,0.2834649883540276,0.2370657375094133
Roe seine,14,2021,12,964,0.26554410183892935,0.22884719307907778
Roe seine,14,2022,6,494,0.49449176392779565,0.4382426516572858
Roe seine,14,2023,17,1392,0.45756711482778334,0.3853776476173022
Roe seine,14,2024,28,2302,0.34052280777930016,0.2795641268731017
Roe seine,15,1972,12,989,0.44903815007667,0.38807713076023037
Roe seine,15,1978,1,97,0.2212888830555191,0.15463917525773196
Roe seine,15,1983,15,1372,0.5588512232496148,0.48923664746371626
Roe seine,15,1984,19,1656,0.34809273260149287,0.28125450165291105
Roe seine,15,1987,12,1083,0.26529069980898046,0.2163000519026066
Roe seine,17,1972,23,1294,0.2964796925824944,0.24618944159253087
Roe seine,17,1973,4,379,0.27291899178788925,0.19446860238152985
Roe seine,17,1975,3,269,0.17949098710089093,0.13518221687927157
Roe seine,17,1976,8,750,0.25083250614429986,0.18266162112221954
Roe seine,17,1978,14,1247,0.28482046864356464,0.22233566110762196
Roe seine,17,1982,10,618,0.4139177229915802,0.32875233387200675
Roe seine,17,1983,10,857,0.4394148321346366,0.351136438633034
Roe seine,17,1989,8,643,0.3226122931827942,0.2626874511326707
Roe seine,17,2004,7,636,0.34943410057982816,0.3088910654294204
Roe seine,17,2010,20,1732,0.25720451876796147,0.2138909093411659
Roe seine,17,2012,1,88,0.07035106966538672,0.06818181818181818
Roe seine,17,2013,2,166,0.4780420240264881,0.4329268292682927
Roe seine,17,2015,4,303,0.14065857602993145,0.11272422248032003
Roe seine,17,2021,1,78,0.31373772025573055,0.24358974358974358
Roe seine,18,1972,25,1706,0.25869629258079857,0.2089310838261686
Roe seine,18,1975,2,174,0.4977248702671055,0.38900634249471455
Roe seine,18,1976,1,108,0.7322967403521918,0.6203703703703703
Test fishery,13,1975,12,1091,0.2316302846359516,0.16115996814242028
Test fishery,13,1980,2,163,0.43094849474066016,0.3542800967937084
Test fishery,13,1981,3,273,0.20144813644047485,0.15878852288586973
Test fishery,13,1982,14,1060,0.44560977707704874,0.3952394265644054
Test fishery,13,1983,3,267,0.24789190120290425,0.1870701395982295
Test fishery,13,1984,2,191,0.059121332855948075,0.03198376124643405
Test fishery,13,1985,1,97,0.056691449814126396,0.041237113402061855
Test fishery,13,1986,4,349,0.07569153694077985,0.05713607577418319
Test fishery,13,1987,5,468,0.23232385535701322,0.18763560224006048
Test fishery,13,1988,2,180,0.009291420632163946,0.005319148936170213
Test fishery,13,1989,1,92,0.0730891961707947,0.043478260869565216
Test fishery,13,1990,4,369,0.07667144318747121,0.05405874190564293
Test fishery,13,1993,1,92,0.1187800963081862,0.07608695652173914
Test fishery,13,1995,1,92,0.08891553880418022,0.06521739130434782
Test fishery,13,1996,1,95,0.11542534415813625,0.07368421052631578
Test fishery,13,1998,1,98,0.12210814510609172,0.09183673469387756
Test fishery,13,2004,1,57,0,0
Test fishery,13,2005,1,75,0.06945445806296563,0.04
Test fishery,13,2022,1,81,0.08089188488462536,0.04938271604938271
Test fishery,14,1975,8,692,0.19335576878771935,0.13682409642682986
Test fishery,14,1977,6,567,0.28608902865427066,0.20626007498299864
Test fishery,14,1978,16,1439,0.28020776528427943,0.2177413750514054
Test fishery,14,1979,5,428,0.6657604923201016,0.6000565894194848
Test fishery,14,1980,26,2112,0.4161346158969157,0.32548586984272687
Test fishery,14,1981,41,3413,0.31581498780257156,0.2376793656981709
Test fishery,14,1982,11,764,0.4755426928776485,0.4028406490530732
Test fishery,14,1983,13,1123,0.4432169845814767,0.36166413897698485
Test fishery,14,1984,17,1540,0.40617082242791824,0.32293865045964626
Test fishery,14,1985,43,3910,0.17510399883301078,0.1222182930688465
Test fishery,14,1986,30,2690,0.12960813449820255,0.09252404714373855
Test fishery,14,1987,27,2493,0.24304595662302056,0.19808582091991883
Test fishery,14,1988,26,2271,0.2785315923446742,0.22686729235514852
Test fishery,14,1989,19,1675,0.25859078346115055,0.21086134798535558
Test fishery,14,1990,22,2012,0.3864806846815291,0.3042442886866592
Test fishery,14,1991,35,3141,0.3733666181444757,0.30291008067630576
Test fishery,14,1992,26,2390,0.33836016804897934,0.25800190023203373
Test fishery,14,1993,32,2915,0.2094872072262534,0.16019023532630577
Test fishery,14,1994,43,4018,0.31792777001140043,0.25354530699433053
Test fishery,14,1995,48,4543,0.4091156034155127,0.3334846650682263
Test fishery,14,1996,63,5805,0.34043061371273786,0.25473198452222456
Test fishery,14,1997,57,5354,0.2346371621561408,0.17878797208844072
Test fishery,14,1998,53,5059,0.232557395634204,0.1787333935357106
Test fishery,14,1999,24,2167,0.31431072145639344,0.26025887563772104
Test fishery,14,2000,42,3927,0.42205117476731224,0.3465595758305786
Test fishery,14,2001,51,4856,0.2503869466634917,0.19341251981521154
Test fishery,14,2002,37,3476,0.1937745683234169,0.15527632860746857
Test fishery,14,2003,79,7475,0.20277987212940257,0.16732250699885215
Test fishery,14,2004,28,2655,0.3091014833135381,0.2667689972995491
Test fishery,14,2005,28,2619,0.438021138402143,0.374282658781267
Test fishery,14,2006,38,3522,0.34757806918946765,0.2743980160414008
Test fishery,14,2007,36,3251,0.2713323435680971,0.21259362111930055
Test fishery,14,2008,12,1084,0.2562326053523875,0.22192568484627886
Test fishery,14,2009,23,1987,0.3008983757086951,0.21982666222814318
Test fishery,14,2010,27,2436,0.11214973705451747,0.09327174156569287
Test fishery,14,2011,48,4364,0.2973679993461349,0.2455426163127059
Test fishery,14,2012,32,2867,0.1663817611471293,0.14578305454629592
Test fishery,14,2013,16,1400,0.36655745233426956,0.3093403945220033
Test fishery,14,2014,8,731,0.4138569653573685,0.3466360364472908
Test fishery,14,2015,20,1753,0.2157984022122164,0.17711681246097508
Test fishery,14,2016,22,1974,0.260362531629864,0.22194078681107945
Test fishery,14,2017,22,2004,0.42820066566339055,0.3747829851761681
Test fishery,14,2018,23,2093,0.31953699588619755,0.26992521680371245
Test fishery,14,2019,28,2496,0.19452947435612247,0.1499787167700972
Test fishery,14,2020,16,1386,0.15670205833396691,0.12364663013071621
Test fishery,14,2021,18,1646,0.18028819181888822,0.14956937967382372
Test fishery,14,2022,9,787,0.36966280459427775,0.3075998889496325
Test fishery,14,2023,14,1250,0.30641008043144435,0.2519818301492332
Test fishery,14,2024,16,1407,0.20690093109439534,0.1723894914544158
Test fishery,15,1980,7,583,0.5835424795208886,0.4893582308671544
Test fishery,15,1981,6,540,0.38581131286536285,0.3110816250339705
Test fishery,15,1982,12,944,0.4897674808263503,0.42891460447209756
Test fishery,15,1983,49,4482,0.438648891728981,0.36773558928251354
Test fishery,15,1984,23,2112,0.25971513007671004,0.19460776614826092
Test fishery,15,1985,14,1300,0.15214650313318567,0.10662424697474655
Test fishery,15,1986,12,1066,0.1821209340424087,0.13965982608514
Test fishery,15,1987,22,2043,0.3340256589784576,0.2853070953529411
Test fishery,15,1988,11,957,0.3600505552548996,0.2946677443795403
Test fishery,15,1989,24,2075,0.18515816979900637,0.14706758175023535
Test fishery,15,1990,9,835,0.3153545206639609,0.24964740901602306
Test fishery,15,1991,1,91,0.18008382714265067,0.13186813186813187
Test fishery,15,1992,4,386,0.4157844508343962,0.33978312337567385
Test fishery,15,1993,1,93,0,0
Test fishery,15,1998,2,193,0.05475109809461195,0.04155927835051546
Test fishery,15,2000,1,71,0,0
Test fishery,15,2002,1,88,0,0
Test fishery,15,2003,3,258,0,0
Test fishery,15,2004,1,94,0.038059267867518884,0.031914893617021274
Test fishery,15,2005,1,93,0.009007417873542917,0.010752688172043012
Test fishery,15,2006,3,270,0.07537507495475511,0.05354589563141702
Test fishery,15,2007,1,82,0,0
Test fishery,15,2016,2,179,0.11713965611991778,0.09506866416978776
Test fishery,15,2018,1,78,0,0
Test fishery,15,2019,2,176,0.05759843109165233,0.03364389233954451
Test fishery,15,2020,1,89,0.13380432455576965,0.10112359550561797
Test fishery,15,2021,2,182,0.20353636710199952,0.16418632788868726
Test fishery,15,2022,4,339,0.1249627550229517,0.08886711988166053
Test fishery,15,2023,1,89,0.33360247611357824,0.2808988764044944
Test fishery,17,1975,17,1448,0.22542419414218323,0.1828100703001458
Test fishery,17,1977,5,442,0.3344931148634264,0.2763642224885843
Test fishery,17,1979,8,660,0.4404364008621107,0.370722040894716
Test fishery,17,1980,7,589,0.33730810566364405,0.2616374317883198
Test fishery,17,1981,21,1735,0.2636182389314645,0.19222858863656458
Test fishery,17,1982,25,1636,0.32465833936571425,0.2566006340615064
Test fishery,17,1983,28,2413,0.39218984122492084,0.3110167730138529
Test fishery,17,1984,23,2033,0.23777222413101415,0.16507307043243155
Test fishery,17,1985,32,2874,0.1659336793504551,0.10352450554380797
Test fishery,17,1986,22,1960,0.11124001408836122,0.07396352331371106
Test fishery,17,1987,18,1598,0.12893957958812502,0.09640901352242388
Test fishery,17,1988,17,1430,0.08583657039140993,0.06192127594104993
Test fishery,17,1989,11,982,0.20862276239603558,0.15828933405964202
Test fishery,17,1990,27,2428,0.2877248923564741,0.20930317926626302
Test fishery,17,1991,14,1267,0.21755029013328392,0.1562797242132738
Test fishery,17,1992,16,1474,0.31465394469240915,0.2271460218042406
Test fishery,17,1993,18,1639,0.19159796179646943,0.13427780090838537
Test fishery,17,1994,10,933,0.33090902551145,0.24902625368067738
Test fishery,17,1995,5,452,0.14770757128087542,0.09516620970992788
Test fishery,17,1996,8,731,0.1781186218619305,0.11818071705426357
Test fishery,17,1997,14,1329,0.112460894810317,0.07091580149031941
Test fishery,17,1998,22,2059,0.21247185853379685,0.15473852739403335
Test fishery,17,1999,7,667,0.2671098893123068,0.21610194946128206
Test fishery,17,2000,18,1652,0.3249337517819086,0.25166533277743863
Test fishery,17,2001,6,558,0.2712149311337354,0.2042833634527014
Test fishery,17,2002,6,548,0.14721562319976877,0.11252098112421709
Test fishery,17,2003,3,275,0.17275241764041094,0.13741546081971615
Test fishery,17,2004,10,908,0.29163555852686474,0.23615033296526478
Test fishery,17,2005,11,1008,0.24509516139874069,0.19652840370145028
Test fishery,17,2006,8,728,0.09050747391610772,0.06114929054767275
Test fishery,17,2007,3,230,0.06735471591703646,0.053896190096906944
Test fishery,17,2008,12,1103,0.1454672907587058,0.12894526454041122
Test fishery,17,2009,5,400,0.20447942651091006,0.14975895515221357
Test fishery,17,2010,8,712,0.11849429055201867,0.10079019300404321
Test fishery,17,2011,11,1001,0.18362264027100084,0.14799485580307237
Test fishery,17,2012,10,896,0.08592326501379924,0.0733813714657702
Test fishery,17,2013,9,769,0.3181493401358303,0.27543530376545866
Test fishery,17,2014,3,248,0.13120165621117638,0.09252933446481833
Test fishery,17,2015,17,1522,0.16740092067931317,0.13615450951838437
Test fishery,17,2016,8,684,0.1964321755196126,0.15992763214546715
Test fishery,17,2017,5,440,0.2569842415891898,0.20334018922254216
Test fishery,17,2018,3,264,0.16904670772797395,0.1336511657281505
Test fishery,17,2019,5,448,0.08999929946163258,0.06767164576443782
Test fishery,17,2020,9,808,0.04779314125733325,0.035186692389622395
Test fishery,17,2021,5,426,0.20671666067844782,0.1642942184614951
Test fishery,17,2022,4,330,0.1557185693542747,0.12832244008714597
Test fishery,17,2023,6,512,0.2947905770485825,0.22604178257483032
Test fishery,17,2024,8,736,0.20251683757147018,0.16339923942571835
Test fishery,18,1975,10,872,0.16386287418160358,0.12043573637523466
Test fishery,18,1977,1,57,0.678390092879257,0.5263157894736842
Test fishery,18,1978,3,279,0.15855529864167459,0.1207810633213859
Test fishery,18,1979,3,256,0.45414138249891917,0.3924132192337455
Test fishery,18,1980,3,248,0.3796584616288304,0.3543771043771044
Test fishery,18,1981,3,232,0.15103294547571527,0.10938682322243966
Test fishery,18,1982,7,417,0.30574732006290534,0.23459024671745948
Test fishery,18,1983,6,489,0.40599189892732285,0.3355407545313283
Test fishery,18,1984,2,159,0.7341383098281042,0.6679613189600506
Test fishery,18,1985,2,187,0.13276231263383298,0.09239130434782608
Test fishery,18,1986,3,264,0.06529431459459813,0.037957360991068854
Test fishery,18,1987,2,191,0.17574354065893133,0.13100460627330557
Test fishery,18,1988,2,183,0.1767298201423529,0.12559722885809843
Test fishery,18,1989,1,91,0.19426239643872883,0.12087912087912088
Test fishery,18,1990,2,182,0.11770964012635486,0.07134227377068986
Test fishery,18,1991,3,257,0.3919938367137116,0.30294655323804176
Test fishery,18,1996,3,280,0.16949350075685046,0.1304671801054764
Test fishery,18,1998,1,95,0.36274098910310143,0.3157894736842105
Test fishery,18,1999,1,89,0.027493261455525605,0.011235955056179775
Test fishery,18,2001,1,92,0.2966688297642224,0.22826086956521738
Test fishery,18,2004,2,164,0.1286026762738034,0.10638297872340426
Test fishery,18,2010,1,75,0.06111111111111111,0.04
Test fishery,18,2011,1,77,0,0
Test fishery,18,2018,1,51,0,0
