Driver,Class,adj R2,null R2 median,null R2 95th pct,Empirical P,B
Old fish + SST (best model),Best model,0.606,0.262,0.607,0.0549,1000
Proportion of old fish,Selectivity,0.539,0.138,0.491,0.005,1000
Total catch,Amount / value / abundance,0.327,0.038,0.26,0.038,1000
Mean SST,Climate,0.234,0.083,0.301,0.141,1000
Oceanic Nino Index,Climate,-0.01,-0.015,0.016,0.339,1000
Pacific Decadal Oscillation,Climate,-0.017,-0.015,0.017,0.578,1000
Tonnage of old fish removed,Amount / value / abundance,-0.032,-0.015,0.049,0.897,1000
Population fraction of old fish removed,Amount / value / abundance,-0.036,-0.014,0.057,0.876,1000
Spawning stock biomass,Amount / value / abundance,-0.391,-0.001,0.1,1,1000
