Year,older removed t,U older (>= 5),U younger (3-4),older share of catch,older share of population,"older removed t (all gears, Fig. 3 series)"
1977,7474,0.21,0.15,0.46,0.38,8168
1978,10104,0.27,0.14,0.47,0.3,12415
1979,11535,0.25,0.16,0.68,0.59,11538
1980,3438,0.08,0.04,0.64,0.47,3876
1981,6991,0.28,0.1,0.64,0.39,6001
1982,7569,0.15,0.08,0.61,0.46,7452
1983,10808,0.27,0.14,0.64,0.48,9823
1984,5721,0.38,0.23,0.53,0.41,5444
1985,3571,0.38,0.15,0.52,0.3,3245
1987,4733,0.29,0.13,0.51,0.32,4671
1988,5444,0.46,0.12,0.69,0.36,5269
1989,4170,0.21,0.07,0.53,0.27,4172
1990,6479,0.22,0.03,0.82,0.4,6520
1991,7431,0.3,0.11,0.68,0.44,7398
1992,8766,0.22,0.08,0.66,0.41,8621
1993,5658,0.21,0.1,0.41,0.26,5553
1994,10803,0.32,0.13,0.62,0.4,10326
1995,8389,0.23,0.11,0.64,0.47,7894
1996,8430,0.24,0.11,0.6,0.41,7759
1997,7485,0.34,0.16,0.48,0.3,6944
1998,6434,0.27,0.11,0.47,0.27,6155
1999,7299,0.2,0.1,0.55,0.37,6796
2000,10764,0.25,0.1,0.71,0.49,9550
2001,9041,0.24,0.09,0.55,0.32,8372
2002,9422,0.28,0.09,0.5,0.25,8195
2003,9218,0.22,0.09,0.44,0.24,9001
2004,6941,0.15,0.07,0.51,0.35,6576
2005,13309,0.24,0.08,0.71,0.46,12142
2006,12560,0.38,0.17,0.68,0.48,10350
2007,6214,0.37,0.13,0.6,0.35,5775
2008,3846,0.35,0.18,0.4,0.25,3320
2009,5295,0.24,0.12,0.52,0.34,5206
2010,3875,0.35,0.09,0.46,0.19,3419
2011,4055,0.14,0.01,0.92,0.33,4188
2012,2454,0.24,0.17,0.22,0.16,2447
2013,9461,0.22,0.12,0.58,0.42,8113
2014,13252,0.21,0.09,0.66,0.44,10605
2015,6440,0.22,0.14,0.33,0.23,6492
2016,8775,0.2,0.09,0.49,0.3,7693
2017,11860,0.25,0.17,0.56,0.47,11508
2018,10192,0.25,0.08,0.66,0.38,9622
2019,9818,0.4,0.16,0.52,0.3,7990
2020,5200,0.23,0.05,0.5,0.18,4900
2021,6158,0.3,0.12,0.43,0.24,5699
2022,3116,0.09,0.03,0.67,0.37,2805
2023,3789,0.13,0.04,0.63,0.37,3476
2024,3456,0.16,0.05,0.51,0.25,3190
