Year,age,kt
1975,3,33.98
1975,4,24.97
1975,5,8.9
1975,6,4.76
1975,7,2.16
1975,8,0.78
1975,9+,0.3
1977,3,39.9
1977,4,19.28
1977,5,18.12
1977,6,6.82
1977,7,4.44
1977,8,2.97
1977,9+,1.51
1978,3,35.15
1978,4,56.1
1978,5,16.56
1978,6,13.84
1978,7,2.2
1978,8,0.55
1978,9+,0.11
1979,3,10.61
1979,4,25.47
1979,5,25.55
1979,6,10.7
1979,7,5.97
1979,8,2.91
1979,9+,1.56
1980,3,31.94
1980,4,14.83
1980,5,20.86
1980,6,14.85
1980,7,4.12
1980,8,2.15
1980,9+,0.72
1981,3,21.36
1981,4,20.66
1981,5,8.68
1981,6,8.2
1981,7,3.36
1981,8,0.74
1981,9+,0.26
1982,3,32.75
1982,4,30.4
1982,5,27.26
1982,6,7.05
1982,7,8.72
1982,8,4.6
1982,9+,1.27
1983,3,22.72
1983,4,23.72
1983,5,16.66
1983,6,11.24
1983,7,3.08
1983,8,3.71
1983,9+,1.99
1984,3,12.96
1984,4,10.87
1984,5,6.29
1984,6,3.95
1984,7,1.81
1984,8,0.63
1984,9+,0.44
1985,3,16.06
1985,4,8.34
1985,5,4.2
1985,6,1.98
1985,7,0.91
1985,8,0.38
1985,9+,0.07
1986,3,23.9
1986,4,11.83
1986,5,3.95
1986,6,1.42
1986,7,0.63
1986,8,0.14
1986,9+,0.08
1987,3,15.6
1987,4,21.23
1987,5,9.93
1987,6,2.8
1987,7,0.94
1987,8,0.33
1987,9+,0.18
1988,3,19
1988,4,5.63
1988,5,6
1988,6,1.73
1988,7,0.5
1988,8,0.12
1988,9+,0.04
1989,3,12.74
1989,4,43.59
1989,5,8.44
1989,6,7.14
1989,7,1.84
1989,8,0.39
1989,9+,0.05
1990,3,39.71
1990,4,9.22
1990,5,19.8
1990,6,3.58
1990,7,2.21
1990,8,0.54
1990,9+,0.1
1991,3,11.24
1991,4,23.88
1991,5,6.54
1991,6,11.63
1991,7,1.82
1991,8,1.28
1991,9+,0.16
1992,3,46.81
1992,4,13.9
1992,5,21.26
1992,6,4.43
1992,7,8.07
1992,8,1.02
1992,9+,0.46
1993,3,40.59
1993,4,38.74
1993,5,9.77
1993,6,9.43
1993,7,2.24
1993,8,2.7
1993,9+,0.4
1994,3,31.26
1994,4,24.7
1994,5,19.37
1994,6,4.56
1994,7,3.56
1994,8,0.93
1994,9+,0.22
1995,3,14.76
1995,4,29.43
1995,5,16.9
1995,6,11.84
1995,7,3.2
1995,8,1.27
1995,9+,0.64
1996,3,39.47
1996,4,14.33
1996,5,17.34
1996,6,8.15
1996,7,4.61
1996,8,0.98
1996,9+,0.49
1997,3,36.67
1997,4,19.04
1997,5,5.95
1997,6,7.21
1997,7,3.06
1997,8,1.83
1997,9+,0.24
1998,3,36.95
1998,4,30.37
1998,5,13.58
1998,6,3.04
1998,7,2.78
1998,8,1.12
1998,9+,0.36
1999,3,21.48
1999,4,43.38
1999,5,21.34
1999,6,8.31
1999,7,2.24
1999,8,1.12
1999,9+,0.41
2000,3,29.11
2000,4,18.88
2000,5,25.18
2000,6,11.16
2000,7,2.85
2000,8,0.47
2000,9+,0.25
2001,3,48.92
2001,4,35.07
2001,5,13.15
2001,6,13.53
2001,7,4.58
2001,8,1.06
2001,9+,0.23
2002,3,68.38
2002,4,38.95
2002,5,19.03
2002,6,4.81
2002,7,4.19
2002,8,0.88
2002,9+,0.28
2003,3,67.74
2003,4,68.73
2003,5,25.86
2003,6,7.56
2003,7,2.01
2003,8,0.97
2003,9+,0.25
2004,3,33.94
2004,4,58.03
2004,5,31.93
2004,6,8.79
2004,7,2.77
2004,8,0.5
2004,9+,0.44
2005,3,32.93
2005,4,38.46
2005,5,33.17
2005,6,12.72
2005,7,2.82
2005,8,0.97
2005,9+,0.42
2006,3,20.35
2006,4,20.53
2006,5,15.15
2006,6,9.59
2006,7,2.24
2006,8,0.84
2006,9+,0.13
2007,3,21.94
2007,4,13.39
2007,5,6.61
2007,6,3.93
2007,7,2.21
2007,8,0.65
2007,9+,0.1
2008,3,5.12
2008,4,29.78
2008,5,5.8
2008,6,2.37
2008,7,0.74
2008,8,0.31
2008,9+,0.11
2009,3,35.44
2009,4,8.69
2009,5,12.09
2009,6,4.39
2009,7,1.87
2009,8,0.92
2009,9+,0.44
2010,3,2.23
2010,4,48.02
2010,5,3.59
2010,6,3.7
2010,7,0.9
2010,8,0.24
2010,9+,0.14
2011,3,53.08
2011,4,9.9
2011,5,22.38
2011,6,2.42
2011,7,1.51
2011,8,0.62
2011,9+,0.16
2012,3,21.58
2012,4,32.1
2012,5,2.94
2012,6,5.97
2012,7,0.54
2012,8,0.19
2012,9+,0.06
2013,3,27.19
2013,4,33.43
2013,5,33.11
2013,6,2.44
2013,7,3.49
2013,8,0.37
2013,9+,0.08
2014,3,59.04
2014,4,24.17
2014,5,31.06
2014,6,21.26
2014,7,2.63
2014,8,1.81
2014,9+,0.55
2015,3,47.68
2015,4,49.92
2015,5,13.47
2015,6,7.43
2015,7,4.97
2015,8,0.46
2015,9+,0.24
2016,3,45.59
2016,4,62.17
2016,5,27.54
2016,6,6.59
2016,7,3.41
2016,8,1.69
2016,9+,0.29
2017,3,26.47
2017,4,30.25
2017,5,28.32
2017,6,12.28
2017,7,2.91
2017,8,1.45
2017,9+,0.39
2018,3,42.28
2018,4,29.18
2018,5,19.2
2018,6,12.23
2018,7,3.45
2018,8,0.69
2018,9+,0.25
2019,3,38
2019,4,24.86
2019,5,11.78
2019,6,4.46
2019,7,2.34
2019,8,0.52
2019,9+,0.06
2020,3,78.81
2020,4,28.73
2020,5,11.85
2020,6,4.42
2020,7,2.11
2020,8,0.37
2020,9+,0.24
2021,3,31.72
2021,4,36.54
2021,5,11.13
2021,6,4.03
2021,7,1.27
2021,8,0.22
2021,9+,0.26
2022,3,29.56
2022,4,28.83
2022,5,23.87
2022,6,5.95
2022,7,1.27
2022,8,0.84
2022,9+,0.17
2023,3,30.79
2023,4,21.49
2023,5,15.99
2023,6,9.73
2023,7,1.59
2023,8,0.67
2023,9+,0.23
2024,3,34.39
2024,4,34.14
2024,5,10.69
2024,6,5.75
2024,7,3.04
2024,8,0.47
2024,9+,0.11
