Year,n_active,occupancy,SSB,SSB_max,prop_old_wt,prop_old_n,n_samples,n_aged,fishery_source,catch_total_t,old_removed_t,old_removed_frac,mean_SST,ONI_ann,mean_PDO,value_per_ton,logit_occ,phase,era
1951,13,0.6842105263157895,66142.54764156205,61091.544624252936,0.1166500747211692,0.08418814093369793,95,9032,Reduction seine,43800.177700000015,5503.355860163413,0.050056571210746206,10.836666666666666,0.44166666666666665,-1.1216666666666666,388.11234209953,0.7731898882334819,Pre-collapse,Reduction (1951-1966)
1952,12,0.631578947368421,72376.09812953006,68099.02328668845,0.07793883099039323,0.04727454116096529,21,2050,Reduction seine,45718.04419999999,3155.6189515374335,0.026721214865441763,10.838333333333333,0.16666666666666666,-1.5491666666666666,423.7661050832129,0.5389965007326868,Pre-collapse,Reduction (1951-1966)
1953,9,0.47368421052631576,111273.68755301635,94099.26770713126,0.17508639888609762,0.13319505965202438,197,18536,Reduction seine,8365.9174,1626.7583837772304,0.013597156095726615,11.175833333333333,0.7083333333333334,-0.64,312.6940880040038,-0.10536051565782652,Pre-collapse,Reduction (1951-1966)
1954,11,0.5789473684210527,82141.14635734027,69234.35643747287,0.10165202854384615,0.07937259514860598,48,4299,Reduction seine,65272.513179999994,6605.344497189212,0.044808225492265596,10.8375,-0.38333333333333336,-0.4033333333333333,318.6167195487666,0.31845373111853476,Pre-collapse,Reduction (1951-1966)
1955,14,0.7368421052631579,69854.3194623621,47344.09874072411,0.17089399399722652,0.13225621153073172,73,6480,Reduction seine,68641.35569999999,12697.8255898461,0.09168391413638086,10.306666666666667,-0.95,-2.069166666666667,344.3371871673376,1.0296194171811581,Pre-collapse,Reduction (1951-1966)
1956,11,0.5789473684210527,25666.99080660201,18635.47053158061,0.3250226804086618,0.27875814620472084,190,11261,Reduction seine,72049.67890001004,29988.706930502598,0.306894484027564,10.585833333333333,-0.575,-1.8125,357.5004405534993,0.31845373111853476,Pre-collapse,Reduction (1951-1966)
1957,11,0.5789473684210527,24464.72281348824,22923.402376543017,0.17847380428923784,0.12828701323058256,107,4846,Reduction seine,59554.14124998999,12728.64946734267,0.15149751914910295,11.213333333333333,0.9583333333333333,0.29000000000000004,398.030325280115,0.31845373111853476,Pre-collapse,Reduction (1951-1966)
1958,11,0.5789473684210527,16148.53254876918,10421.354300779933,0.10490913326801754,0.07115937603086891,258,11820,Reduction seine,20669.916900000007,2588.555873216821,0.07030594476333535,12.119166666666667,0.825,0.8641666666666666,388.9488980389638,0.31845373111853476,Pre-collapse,Reduction (1951-1966)
1959,17,0.8947368421052632,47864.18099887761,44913.85667764657,0.06633592906477946,0.05015397233135513,65,3040,Reduction seine,44008.02753332999,2925.401933316473,0.03184207694638054,11.160833333333333,0.12499999999999999,0.27416666666666667,384.2840530516144,2.1400661634962708,Pre-collapse,Reduction (1951-1966)
1960,15,0.7894736842105263,55082.03399124591,47565.944572628745,0.12705761574904811,0.09569547190547853,58,2660,Reduction seine,49925.6011,7424.713130691202,0.07070641219792763,10.895,0.058333333333333334,0.03916666666666667,331.0714642996808,1.3217558399823195,Pre-collapse,Reduction (1951-1966)
1961,14,0.7368421052631579,42863.55128663052,32142.641133575707,0.20662315612403104,0.17089339411675988,109,4864,Reduction seine,45383.06750833,12103.649330232949,0.1371570887985586,11.917142857142856,-0.03333333333333332,-0.5741666666666667,232.1190820956061,1.0296194171811581,Pre-collapse,Reduction (1951-1966)
1962,15,0.7894736842105263,32917.36931678304,28648.805754838926,0.0688610170370956,0.04936169549562067,44,1912,Reduction seine,64409.94154761,8283.46201336992,0.08510932789370229,11.544285714285715,-0.20833333333333334,-1.1016666666666666,238.0904826714649,1.3217558399823195,Pre-collapse,Reduction (1951-1966)
1963,16,0.8421052631578947,33705.5886591639,25304.300930008863,0.06569490284948144,0.04787670022776511,94,4271,Reduction seine,65757.4538,4433.770212281835,0.044577062018811536,11.500416666666666,0.6583333333333333,-0.24083333333333334,249.3961385894423,1.6739764335716711,Pre-collapse,Reduction (1951-1966)
1964,16,0.8421052631578947,33395.15796074534,21422.08953497394,0.06200279897504848,0.04597608770798867,70,3127,Reduction seine,74876.41098293003,4919.643443560477,0.04543799902003595,10.71625,-0.35000000000000003,-0.8875,263.9872186242479,1.6739764335716711,Pre-collapse,Reduction (1951-1966)
1965,13,0.6842105263157895,37672.08305725022,25873.158891601706,0.21665023148806264,0.17015056441239065,23,1070,Reduction seine,46391.83346667997,10967.224000180559,0.13046291980767463,10.957916666666666,0.8999999999999999,-0.14416666666666667,296.3228533744314,0.7731898882334819,Pre-collapse,Reduction (1951-1966)
1966,13,0.6842105263157895,7204.772281156422,4338.812172274485,NA,NA,NA,NA,NA,32453.78022540001,0,0,10.866666666666667,0.375,-0.44,336.4783491308224,0.7731898882334819,Pre-collapse,Reduction (1951-1966)
1967,15,0.7894736842105263,9619.297998526921,7050.507172029827,NA,NA,NA,NA,NA,30905.9349,0,0,11.4525,-0.3,-0.7416666666666667,306.8819128592642,1.3217558399823195,Pre-collapse,Collapse (1967)
1968,15,0.7894736842105263,9385.942332850893,8017.082510194532,NA,NA,NA,NA,NA,1766.1429666639997,0,0,10.932916666666667,0.1416666666666666,-0.15416666666666667,341.9259698109319,1.3217558399823195,Pre-collapse,Moratorium (1968-1971)
1969,14,0.7368421052631579,14038.55385714272,11257.069793156394,NA,NA,NA,NA,NA,NA,NA,NA,10.773333333333333,0.7416666666666667,-0.3441666666666667,901.1584146622706,1.0296194171811581,Pre-collapse,Moratorium (1968-1971)
1970,15,0.7894736842105263,29973.44520499679,22029.844902465004,NA,NA,NA,NA,NA,196.17270000000002,16.71236102970553,5.539467248916525e-4,10.985833333333334,-0.325,-0.4041666666666667,596.1025489033789,1.3217558399823195,Pre-collapse,Moratorium (1968-1971)
1971,15,0.7894736842105263,38308.33295005492,27929.886148340003,NA,NA,NA,NA,NA,1218.62549283,340.85935248911204,0.0086234652479431715,10.410833333333333,-0.9416666666666667,-1.3158333333333334,426.8875948813801,1.3217558399823195,Pre-collapse,Moratorium (1968-1971)
1972,15,0.7894736842105263,25138.621898509457,17078.454433487103,0.4169889181266875,0.38916866731155914,16,1035,Roe gillnet,8439.09759,2672.2552462190138,0.07958417923925654,10.535833333333333,0.9249999999999999,-1.1441666666666666,513.2754775094847,1.3217558399823195,Pre-collapse,Roe gillnet (1972+)
1973,8,0.42105263157894735,16191.387984579515,11743.361775539202,0.5901792650538091,0.5409177305252887,4,224,Roe gillnet,7079.192499999999,3619.6368610747318,0.1555456196493818,10.579166666666667,-0.625,-1.1366666666666667,1348.602098756778,-0.31845373111853476,Pre-collapse,Roe gillnet (1972+)
1974,13,0.6842105263157895,40354.120581591815,26314.34790357878,0.5550495143266512,0.53211191888626,17,990,Roe gillnet,3669.48514287,1845.2629242325017,0.04191530643313883,10.666666666666666,-0.8833333333333333,-0.30249999999999994,1649.424930919439,0.7731898882334819,Pre-collapse,Roe gillnet (1972+)
1975,12,0.631578947368421,70207.84122375854,54499.62920018146,0.5230137055348889,0.49038493949506184,3,164,Roe gillnet,5635.0102889,2984.5390179984015,0.0393516192821451,10.5425,-1.0583333333333333,-1.4116666666666666,1234.262984373536,0.5389965007326868,Pre-collapse,Roe gillnet (1972+)
1976,12,0.631578947368421,60816.66979031853,32234.66273652683,0.6294262086292521,0.6045537871126417,13,876,Roe gillnet,11934.22342696,5984.294351494408,0.08225733165394487,10.610416666666667,-0.050000000000000044,-0.1491666666666666,1495.367862405556,0.5389965007326868,Pre-collapse,Roe gillnet (1972+)
1977,13,0.6842105263157895,75988.47743667405,48289.071737333856,0.7171742280937625,0.7004469369271931,23,1598,Roe gillnet,17047.936142856,8167.942014231127,0.0877929586919099,11.032916666666667,0.5,0.045000000000000005,1601.8324650952611,0.7731898882334819,Pre-collapse,Roe gillnet (1972+)
1978,10,0.5263157894736842,100672.61479044516,73217.27631649953,0.8225541782515327,0.794539975745852,8,540,Roe gillnet,23833.356237499996,12415.249719032847,0.09971609888690611,11.351666666666667,-0.10000000000000002,0.07166666666666677,3067.601133174904,0.10536051565782614,Pre-collapse,Roe gillnet (1972+)
1979,9,0.47368421052631576,62596.067888415,48734.82741542453,0.7742034024703481,0.7622565681895778,11,607,Roe gillnet,20183.46288,11538.286627232657,0.13938574572876364,11.317499999999999,0.24166666666666667,0.10749999999999993,11514.16910157598,-0.10536051565782652,Pre-collapse,Roe gillnet (1972+)
1980,10,0.5263157894736842,83776.63185516706,66708.5537957476,0.9105766570287143,0.8956603430651237,16,730,Roe gillnet,5673.42505835,3876.003726408508,0.04333148418402844,10.925416666666667,0.25833333333333336,0.30833333333333335,3925.028459912181,0.10536051565782614,Pre-collapse,Roe gillnet (1972+)
1981,9,0.47368421052631576,52364.782504294286,33789.27989216024,0.8260578586232153,0.799961569206422,19,1140,Roe gillnet,10902.697335719999,6000.569210299708,0.09484444813470468,11.315833333333334,-0.2833333333333333,0.8383333333333334,3344.730898091279,-0.10536051565782652,Pre-collapse,Roe gillnet (1972+)
1982,10,0.5263157894736842,99377.90859079719,66681.25074542275,0.8255058427278893,0.801639712608436,15,805,Roe gillnet,12668.79620002,7452.403146684471,0.0665115780120223,11.64,1.0083333333333333,-0.2575,3279.427363881281,0.10536051565782614,Pre-collapse,Roe gillnet (1972+)
1983,9,0.47368421052631576,66201.29862633704,47231.018430297634,0.7447090427818521,0.7124475271127119,6,407,Roe gillnet,16904.425379999997,9822.576907242543,0.1181937468770929,11.768333333333334,0.475,1.2483333333333333,3199.163879454101,-0.10536051565782652,Pre-collapse,Roe gillnet (1972+)
1984,6,0.3157894736842105,25994.261200795798,17403.739479483287,0.6625584545458565,0.6243376951245274,11,756,Roe gillnet,10960.760600000003,5443.777909035447,0.1473082045081683,11.36375,-0.4916666666666667,0.6033333333333333,3151.191895737656,-0.7731898882334818,Post-collapse,Roe gillnet (1972+)
1985,6,0.3157894736842105,25023.734775393317,24060.99517065568,0.7340846305271511,0.7088450286914482,14,1096,Roe gillnet,6928.804123839999,3244.606116180324,0.1015445478812382,11.251666666666667,-0.6,0.026666666666666672,5649.714381813579,-0.7731898882334818,Post-collapse,Roe gillnet (1972+)
1986,7,0.3684210526315789,41575.26515966241,40992.025622218884,NA,NA,NA,NA,NA,357.44428509,37.63681876492769,8.975527520947654e-4,11.51375,0.24166666666666664,1.0075,6872.769570541805,-0.5389965007326869,Post-collapse,Roe gillnet (1972+)
1987,9,0.47368421052631576,41736.608206675955,40617.19035996589,0.6422039049610978,0.6188511042285456,24,1920,Roe gillnet,9283.606811200001,4670.584163189174,0.09154379615124597,11.751666666666667,1.275,1.1366666666666667,6669.30258176277,-0.10536051565782652,Post-collapse,Roe gillnet (1972+)
1988,4,0.21052631578947367,24976.258609278866,24056.522495098616,0.7789807966217109,0.760780044463487,11,821,Roe gillnet,8057.3845783,5269.095311215823,0.1595069390710462,11.602916666666667,-0.8166666666666667,-0.038333333333333316,6897.702711015047,-1.3217558399823195,Post-collapse,Roe gillnet (1972+)
1989,7,0.3684210526315789,66051.7613207398,59146.23167304116,0.6014199581052633,0.5829585350766305,11,823,Roe gillnet,8130.403465900001,4172.468337641138,0.05624624665028108,11.668750000000001,-0.6083333333333334,-0.5041666666666667,4003.356068778025,-0.5389965007326869,Post-collapse,Roe gillnet (1972+)
1990,5,0.2631578947368421,67149.65745598587,67149.65745598587,0.818979802748182,0.7995051560784311,19,1371,Roe gillnet,8013.816990100001,6519.904458473244,0.08674298928464139,11.821666666666667,0.30833333333333335,-0.8266666666666667,3657.601625753575,-1.0296194171811583,Post-collapse,Roe gillnet (1972+)
1991,5,0.2631578947368421,45628.84309265816,45410.28890946613,0.7312434451139483,0.7057213154871856,15,1087,Roe gillnet,10929.314000650002,7398.0352788668815,0.13080403710223085,11.617916666666666,0.6416666666666666,-0.8791666666666665,2416.564799346299,-1.0296194171811583,Post-collapse,Roe gillnet (1972+)
1992,9,0.47368421052631576,82687.40692599778,81382.26571706924,0.8106848264841896,0.7891652450187504,15,1168,Roe gillnet,13257.787203220001,8621.203595628542,0.08985550213195267,12.287083333333333,0.6416666666666667,0.76,2854.744591623332,-0.10536051565782652,Post-collapse,Roe gillnet (1972+)
1993,8,0.42105263157894735,90196.67002291956,89888.55697186955,0.5134050435250591,0.48706806885089354,12,907,Roe gillnet,13674.045445599997,5552.555511930914,0.053456409603857453,12.084166666666667,0.325,1.0433333333333332,3263.142921803879,-0.31845373111853476,Post-collapse,Roe gillnet (1972+)
1994,5,0.2631578947368421,67137.74436190445,67137.74436190445,0.7305423010141309,0.714001208806495,15,1201,Roe gillnet,17471.0282452,10326.10909849101,0.12204537165953339,12.200416666666667,0.475,-0.4933333333333333,3380.470381225845,-1.0296194171811583,Post-collapse,Roe gillnet (1972+)
1995,5,0.2631578947368421,64898.13285855899,64789.81554329294,0.7380257967654247,0.7151806124598143,11,926,Roe gillnet,13151.01122,7894.072812532939,0.10114233673834142,11.995,-0.15833333333333338,0.43916666666666665,4883.021393110167,-1.0296194171811583,Post-collapse,Roe gillnet (1972+)
1996,6,0.3157894736842105,71346.19340109338,71315.76425934337,0.8232257345259834,0.8064296832021961,7,544,Roe gillnet,14015.2211778,7758.831914329697,0.09089390039522798,11.411666666666667,-0.4666666666666667,0.6833333333333333,6161.906497585011,-0.7731898882334818,Post-collapse,Roe gillnet (1972+)
1997,5,0.2631578947368421,58295.73536902992,56438.71533199993,0.7947786935023126,0.7735604379770489,8,633,Roe gillnet,15713.982548,6943.940214646471,0.09382470856639549,11.734166666666667,1.1666666666666665,1.3166666666666667,1656.737737585365,-1.0296194171811583,Post-collapse,Roe gillnet (1972+)
1998,5,0.2631578947368421,74616.31380313331,74089.91192457735,0.667023866822619,0.6493988449599014,16,1398,Roe gillnet,13586.618304399999,6154.599618272055,0.06977772134342003,12.04,-0.06666666666666665,-0.47833333333333333,1993.596836845151,-1.0296194171811583,Post-collapse,Roe gillnet (1972+)
1999,6,0.3157894736842105,85093.61530223498,84603.98837111953,0.7000076166641908,0.6861601782210976,11,836,Roe gillnet,13196.973583399998,6795.6877471155985,0.06913874282534467,11.609583333333333,-1.2333333333333334,-1.8433333333333333,2798.736252353283,-0.7731898882334818,Post-collapse,Roe gillnet (1972+)
2000,11,0.5789473684210527,72638.6647619418,72082.75241231227,0.8527467990732929,0.8420192328398418,13,1097,Roe gillnet,15257.26976201,9549.739133836309,0.1086482461965745,11.649583333333334,-0.825,-1.1258333333333335,2762.680302460177,0.31845373111853476,Post-collapse,Roe gillnet (1972+)
2001,8,0.42105263157894735,100247.96294200412,100006.49383259761,0.8006456833519904,0.7867463785927342,12,1027,Roe gillnet,16292.73087482,8371.81441361187,0.07183597539560291,11.5425,-0.3,-1.1341666666666665,2458.778590016936,-0.31845373111853476,Post-collapse,Roe gillnet (1972+)
2002,7,0.3684210526315789,117862.11673266432,111833.92546075546,0.7461550237365847,0.7279463681008068,11,915,Roe gillnet,18658.09537311,8195.168940829386,0.06002897896525286,11.892083333333334,0.6333333333333333,-0.4391666666666667,2266.882944794593,-0.5389965007326869,Post-collapse,Roe gillnet (1972+)
2003,5,0.2631578947368421,152150.40666978856,150388.78455881763,0.775926266501186,0.761039525524953,19,1354,Roe gillnet,20958.45302754,9000.885760485422,0.05199552337311321,12.023478260869565,0.2583333333333333,0.38166666666666665,1948.784390559999,-1.0296194171811583,Post-collapse,Roe gillnet (1972+)
2004,8,0.42105263157894735,122838.93057412465,121189.11381507182,0.7581473939348775,0.744969212513859,16,1185,Roe gillnet,13562.90103641,6575.5199756793145,0.04820697712076375,12.571666666666667,0.4583333333333333,-0.22416666666666668,1802.019730692671,-0.31845373111853476,Post-collapse,Roe gillnet (1972+)
2005,9,0.47368421052631576,102648.47558371142,101565.35074793108,0.8804883883569231,0.8737483072816936,11,773,Roe gillnet,18843.30139848,12141.680987213662,0.09993829449867558,12.184166666666666,0.03333333333333333,-0.18833333333333327,1460.316031911708,-0.10536051565782652,Post-collapse,Roe gillnet (1972+)
2006,3,0.15789473684210525,50257.97780930111,50248.825430274046,0.8838997325086955,0.8744254978166627,15,975,Roe gillnet,18581.26713542,10349.923821918634,0.15034917698806502,12.089583333333334,0.058333333333333334,-0.35083333333333333,1221.232733529516,-1.6739764335716716,Post-collapse,Roe gillnet (1972+)
2007,6,0.3157894736842105,38523.56692401544,38218.36874588008,0.8361416287175686,0.8183237396740682,44,2890,Roe gillnet,10305.97724622,5774.545498437,0.11825925464929765,11.697083333333333,-0.6083333333333334,-0.7025,2474.58954943448,-0.7731898882334818,Post-collapse,Roe gillnet (1972+)
2008,7,0.3684210526315789,34506.892715843176,33830.866730769245,0.5569431745957242,0.5383800139440027,27,1910,Roe gillnet,9704.23824671,3320.3797185589056,0.075102799821413,11.765833333333333,-0.7749999999999999,-1.6633333333333333,2064.371266360742,-0.5389965007326869,Post-collapse,Roe gillnet (1972+)
2009,6,0.3157894736842105,53652.342746665425,53525.11109083915,0.8944751438488946,0.8809148213457965,12,877,Roe gillnet,10173.98486074,5206.1470971086665,0.08156739220735967,12.092083333333333,0.29999999999999993,-1.0316666666666667,2057.670536100278,-0.7731898882334818,Post-collapse,Roe gillnet (1972+)
2010,5,0.2631578947368421,50453.68128359886,49940.50020579832,0.7675474321370692,0.7485246132652781,13,923,Roe gillnet,8370.33017883,3418.678238541198,0.058117053794005905,12.269583333333333,-0.47500000000000003,-1.0608333333333333,1488.236433479999,-1.0296194171811583,Post-collapse,Roe gillnet (1972+)
2011,5,0.2631578947368421,85000.66888077321,84441.66749062797,0.916517102323597,0.9054824829860121,28,1903,Roe gillnet,5078.98007412,4187.507346149723,0.04648671919499364,11.754166666666666,-0.85,-1.8116666666666668,418.4617573088312,-1.0296194171811583,Post-collapse,Roe gillnet (1972+)
2012,7,0.3684210526315789,52173.91403666622,51253.99544625171,0.2945806540845194,0.28831819078459286,32,2190,Roe gillnet,11197.87443582,2447.157874350758,0.03861588781596762,11.357083333333334,-0.14999999999999997,-1.7333333333333334,723.7073653942243,-0.5389965007326869,Post-collapse,Roe gillnet (1972+)
2013,6,0.3157894736842105,83693.07319406053,78880.470154895,0.7619679315609567,0.7514604697470231,20,1260,Roe gillnet,16405.268388819997,8112.940870206516,0.08104970314107625,11.8575,-0.325,-1.1658333333333333,721.3343093868273,-0.7731898882334818,Post-collapse,Roe gillnet (1972+)
2014,7,0.3684210526315789,120467.5371749123,117658.94775887692,0.9225471808366148,0.9172329569777556,23,1613,Roe gillnet,20042.502376819997,10605.231144845642,0.07547667895247485,12.139583333333333,0.10833333333333335,0.5541666666666667,642.0451185425234,-0.5389965007326869,Post-collapse,Roe gillnet (1972+)
2015,7,0.3684210526315789,104481.48060397248,100356.34426273587,0.7755621536349074,0.7591180928383003,36,2308,Roe gillnet,19674.843653930002,6491.936438448545,0.05228840719352512,12.616249999999999,1.4583333333333335,0.9216666666666666,619.3339296451004,-0.5389965007326869,Post-collapse,Roe gillnet (1972+)
2016,6,0.3157894736842105,129501.6179800627,129273.91010015573,0.6625827415452462,0.6393123912542261,41,2106,Roe gillnet,17774.824631310003,7693.291235489085,0.052237079461444076,12.23625,0.3250000000000001,0.6741666666666667,885.3735417177443,-0.7731898882334818,Post-collapse,Roe gillnet (1972+)
2017,4,0.21052631578947367,81063.73537894255,74099.12823927116,0.7562725607716004,0.7473090992175648,45,2708,Roe gillnet,21008.32472731,11507.903512561086,0.11274293377229637,11.487391304347826,-0.20833333333333334,-0.1025,871.6080734601843,-1.3217558399823195,Post-collapse,Roe gillnet (1972+)
2018,5,0.2631578947368421,91938.51777448792,91543.91345854642,0.7834428584808965,0.7700649290500965,42,2236,Roe gillnet,15354.2494119,9622.431514354279,0.08968387866852466,10.833684210526316,0.00833333333333336,-0.37083333333333335,940.3137675273159,-1.0296194171811583,Post-collapse,Roe gillnet (1972+)
2019,5,0.2631578947368421,62964.42482962185,62268.88248035227,0.662218703383152,0.6454940931202814,42,2212,Roe gillnet,19052.640157640002,7990.28963480319,0.0974222820097765,12.005714285714285,0.475,-0.1625,942.7529010334493,-1.0296194171811583,Post-collapse,Roe gillnet (1972+)
2020,9,0.47368421052631576,116113.0488384119,115434.14363962648,0.6269361546535274,0.6038020212992554,54,2729,Roe gillnet,10408.28504681,4900.205600217271,0.03873027140752925,11.638923841223612,-0.3666666666666667,-1.1433333333333333,860.9268573098594,-0.10536051565782652,Post-collapse,Roe gillnet (1972+)
2021,6,0.3157894736842105,70938.4085969734,70075.80492166473,0.5650693166995325,0.54566149529465,51,2667,Roe gillnet,14229.438423110001,5699.129241714142,0.06691644136983095,11.905,-0.725,-1.8808333333333334,807.7047586535698,-0.7731898882334818,Post-collapse,Roe gillnet (1972+)
2022,7,0.3684210526315789,85816.80667787154,85325.60706072018,0.7431073141482409,0.7302736425337025,30,1768,Roe gillnet,4679.762273009999,2805.2554307324053,0.030998472795747675,11.808181818181819,-0.9416666666666667,-2.1141666666666667,492.6385891548958,-0.5389965007326869,Post-collapse,Roe gillnet (1972+)
2023,6,0.3157894736842105,74506.95710292095,74263.04029004398,0.867435894225977,0.8569902855518632,29,1618,Roe gillnet,5983.17726051,3476.344643571324,0.043189698601754735,11.793571428571429,0.8333333333333334,-2.2516666666666665,848.8023536452812,-0.7731898882334818,Post-collapse,Roe gillnet (1972+)
2024,6,0.3157894736842105,81774.73733132263,81740.26980479779,0.7152946942104986,0.6974301931501551,27,1528,Roe gillnet,6820.761694930001,3189.740271760432,0.03600341221414925,12.065,0.35,-2.5908333333333333,1102.128883774453,-0.7731898882334818,Post-collapse,Roe gillnet (1972+)
