Year,src,n_fish,n_old,n_young,prop_old_n,prop_old_wt,mean_age
1946,Reduction,4999,349,4650,0.06981396279255851,0.10004040404040404,3.4026805361072205
1947,Reduction,6897,1010,5887,0.14644048136871105,0.1842382369690653,3.6262142960707546
1948,Reduction,3121,99,3022,0.031720602371034926,0.04609041325176036,3.2233258570970844
1949,Reduction,4647,235,4412,0.050570260383042825,0.06975038974078934,3.366472993329029
1950,Food and bait,83,8,75,0.0963855421686747,0.13375057950857672,3.4698795180722892
1950,Reduction,7733,695,7038,0.08987456355877409,0.12932435721080832,3.465795939480155
1951,Reduction,9032,758,8274,0.08392382639503985,0.12660736673828643,3.3260628875110734
1952,Food and bait,394,23,371,0.0583756345177665,0.0788131394094844,3.5329949238578684
1952,Reduction,2050,97,1953,0.04731707317073171,0.07981122909292804,3.1624390243902396
1953,Reduction,19094,2437,16657,0.12763171676966586,0.19286307650571247,3.611186760238823
1954,Reduction,4407,329,4078,0.07465395960971183,0.10119606825861996,3.486725663716816
1955,Reduction,6493,878,5615,0.135222547358694,0.18701353630912945,3.5264130602186974
1956,Reduction,11307,3585,7722,0.31706022817723534,0.4020423381215432,3.9839037764216836
1957,Reduction,5423,665,4758,0.12262585284897658,0.20728117006004296,3.476673427991884
1958,Reduction,12256,853,11403,0.06959856396866841,0.12215354763089076,3.1931298955613205
1959,Reduction,3067,150,2917,0.04890772742093251,0.06592494522775844,3.3977828496902505
1960,Food and bait,48,26,22,0.5416666666666666,0.5697729052466719,4.5625
1960,Reduction,2847,308,2539,0.10818405338953284,0.1602061903366593,3.167896030909729
1961,Reduction,5118,940,4178,0.18366549433372412,0.26940064912837813,3.483587338804214
1962,Reduction,2195,175,2020,0.07972665148063782,0.1297827731327069,3.342141230068333
1963,Reduction,4442,212,4230,0.047726249437190456,0.06739746295996864,3.3545700135074283
1964,Reduction,3338,158,3180,0.04733373277411624,0.06572250179726816,3.2690233672858025
1965,Reduction,1146,187,959,0.1631762652705061,0.2364420722827071,3.5226876090750436
1971,Food and bait,1691,358,1333,0.2117090479006505,0.273581763146842,3.690124186871675
1972,Food and bait,2708,672,2036,0.2481536189069424,0.3252699435438567,3.8190546528803524
1972,Reduction,277,46,231,0.16606498194945848,0.23495873968492123,3.592057761732852
1972,Roe gillnet,1035,389,646,0.37584541062801935,0.4234425225250029,4.2792270531401
1972,Roe seine,5036,1134,3902,0.22517871326449562,0.30406445238611196,3.752779984114372
1973,Food and bait,3977,1705,2272,0.42871511189338696,0.5202212791423244,4.363842092029168
1973,Roe gillnet,224,117,107,0.5223214285714286,0.5816928838951311,4.5357142857142865
1973,Roe seine,379,74,305,0.19525065963060687,0.28148234471506817,3.633245382585752
1974,Food and bait,86,1,85,0.011627906976744186,0.028485542513598625,2.9302325581395348
1974,Roe gillnet,990,524,466,0.5292929292929293,0.5568859967495552,4.7555555555555555
1975,Food and bait,3794,1206,2588,0.31787032156035844,0.41257299681696286,4.142593568792834
1975,Roe gillnet,181,94,87,0.5193370165745856,0.5546046375539463,4.6740331491712706
1975,Roe seine,955,110,845,0.11518324607329843,0.1974156919561351,3.5246073298429317
1975,Test fishery,4103,587,3516,0.14306604923226907,0.21937600950559755,3.6124786741408728
1976,Food and bait,2530,600,1930,0.23715415019762845,0.3215791180285344,3.8055335968379453
1976,Roe gillnet,884,530,354,0.5995475113122172,0.6253292729349067,4.8042986425339365
1976,Roe seine,1123,253,870,0.2252894033837934,0.32432286850586683,3.8842386464826397
1977,Food and bait,3044,677,2367,0.2224047306176084,0.2968221412826951,3.926741130091985
1977,Roe gillnet,1598,1088,510,0.6808510638297872,0.7010232062682307,4.90675844806007
1977,Roe seine,1293,232,1061,0.1794276875483372,0.23875160298016632,3.578499613302397
1977,Test fishery,1066,257,809,0.24108818011257035,0.3557415820189543,3.8114446529080674
1978,Food and bait,3357,1342,2015,0.39976169198689304,0.4801243482707371,4.3920166815609205
1978,Roe gillnet,566,447,119,0.7897526501766784,0.8193538421321546,5.425795053003534
1978,Roe seine,1706,365,1341,0.21395076201641267,0.28499030817203697,3.952520515826495
1978,Test fishery,1719,344,1375,0.20011634671320536,0.2660382039196229,3.9482257126236173
1979,Food and bait,4946,1656,3290,0.3348160129397493,0.4426764371411199,4.081682167408002
1979,Roe gillnet,607,459,148,0.7561779242174629,0.7703063443198209,5.047775947281713
1979,Roe seine,65,38,27,0.5846153846153846,0.6238717213549962,4.707692307692308
1979,Test fishery,1344,605,739,0.45014880952380953,0.559426666585412,4.524553571428569
1980,Food and bait,6444,1830,4614,0.2839851024208566,0.37686713561079505,4.012569832402239
1980,Roe gillnet,754,670,84,0.8885941644562334,0.9057942983600363,5.4442970822281165
1980,Roe seine,84,13,71,0.15476190476190477,0.24664764621968616,3.5357142857142856
1980,Test fishery,3701,1238,2463,0.3345041880572818,0.47116689643380033,4.029991894082677
1981,Food and bait,2385,658,1727,0.2758909853249476,0.35597626220390727,4.01761006289308
1981,Roe gillnet,1140,907,233,0.7956140350877193,0.8283762892544821,5.565789473684211
1981,Roe seine,1592,600,992,0.3768844221105528,0.4762698765588939,4.362437185929647
1981,Test fishery,6222,1382,4840,0.2221150755384121,0.3184589872822709,3.8273866923818667
1982,Food and bait,2090,987,1103,0.4722488038277512,0.5615795562814754,4.726315789473681
1982,Roe gillnet,833,668,165,0.801920768307323,0.8288519565869918,5.830732292917167
1982,Roe seine,645,207,438,0.3209302325581395,0.4077583818232197,3.9689922480620154
1982,Test fishery,4821,1624,3197,0.33685957270275874,0.41948963259877126,4.102260941713338
1983,Food and bait,1801,570,1231,0.3164908384230983,0.414619288450245,3.942809550249864
1983,Roe gillnet,407,292,115,0.7174447174447175,0.7508604329505613,5.439803439803439
1983,Roe seine,3188,1425,1763,0.44698870765370136,0.5276137931034482,4.594102885821833
1983,Test fishery,8774,3013,5761,0.34340095737405973,0.4329980346969695,4.237633918395257
1984,Food and bait,2603,307,2296,0.11794083749519785,0.1783099790338387,3.212063004225896
1984,Roe gillnet,766,481,285,0.6279373368146214,0.6694792473461205,5.057441253263708
1984,Roe seine,1656,459,1197,0.27717391304347827,0.3523373568803805,4.150966183574878
1984,Test fishery,6035,1360,4675,0.22535211267605634,0.32517247140616307,3.722618061309028
1985,Food and bait,863,69,794,0.07995365005793743,0.11782985886313609,3.2584009269988403
1985,Roe gillnet,1096,775,321,0.7071167883211679,0.7345374389330229,5.281021897810218
1985,Roe seine,911,148,763,0.16245883644346873,0.24786590634180058,3.4138309549945114
1985,Test fishery,8368,940,7428,0.11233269598470363,0.1857370710619486,3.143044933078396
1986,Food and bait,882,111,771,0.12585034013605442,0.18333385729405724,3.3786848072562363
1986,Test fishery,6329,572,5757,0.09037762679728235,0.13481894055643073,3.2908832358982463
1987,Food and bait,916,174,742,0.18995633187772926,0.25001251213677267,3.564410480349345
1987,Roe gillnet,1920,1188,732,0.61875,0.642480575642843,5.042708333333332
1987,Roe seine,1083,233,850,0.21514312096029548,0.26586393372896117,3.8550323176361956
1987,Test fishery,6793,1342,5451,0.19755630796408066,0.25718340157451847,3.709259531871037
1988,Food and bait,1049,147,902,0.14013346043851288,0.1932724410538516,3.5262154432793147
1988,Roe gillnet,821,624,197,0.7600487210718636,0.7803147748719331,5.069427527405604
1988,Roe seine,977,312,665,0.3193449334698055,0.40018637966634385,3.905834186284545
1988,Test fishery,5021,908,4113,0.18084047002589126,0.244916528863812,3.5038836885082634
1989,Food and bait,745,179,566,0.24026845637583893,0.3299968474148802,3.640268456375839
1989,Roe gillnet,823,479,344,0.5820170109356014,0.6007462040547793,5.060753341433778
1989,Roe seine,1506,361,1145,0.23970783532536521,0.29103127118394295,4.103585657370519
1989,Test fishery,4918,827,4091,0.16815778771858478,0.22459721540957628,3.861529076860516
1990,Food and bait,698,109,589,0.15616045845272206,0.19582999198075382,3.643266475644698
1990,Roe gillnet,1371,1096,275,0.799416484318016,0.8215457518864766,5.090444930707512
1990,Test fishery,5827,1364,4463,0.23408271837995537,0.33009002155909367,3.52702934614725
1991,Food and bait,639,59,580,0.09233176838810642,0.12880882025863438,3.278560250391236
1991,Roe gillnet,1087,767,320,0.7056117755289788,0.7324615578522813,5.432382704691813
1991,Roe seine,707,204,503,0.28854314002828857,0.3606831284118157,4.323903818953323
1991,Test fishery,4757,1242,3515,0.2610889215892369,0.34774933804060015,3.97771704856002
1992,Food and bait,973,103,870,0.10585817060637205,0.1522382787745307,3.3329907502569363
1992,Roe gillnet,1169,921,248,0.787852865697177,0.8108181776004454,5.378956372968349
1992,Roe seine,874,246,628,0.2814645308924485,0.3603840333728682,3.9130434782608696
1992,Test fishery,4251,1080,3171,0.25405786873676783,0.35388395821448276,3.698423900258757
1993,Food and bait,545,87,458,0.1596330275229358,0.236738120099093,3.2073394495412866
1993,Roe gillnet,907,440,467,0.48511576626240355,0.5147948863500084,4.850055126791621
1993,Roe seine,889,156,733,0.17547806524184478,0.22650518593473312,3.8053993250843643
1993,Test fishery,4740,694,4046,0.14641350210970464,0.20972504656981314,3.524050632911394
1994,Food and bait,1130,188,942,0.1663716814159292,0.21871475917875435,3.5699115044247773
1994,Roe gillnet,1201,855,346,0.7119067443796836,0.7294496647640887,5.093255620316404
1994,Roe seine,1018,326,692,0.32023575638506874,0.39564451158106745,4.050098231827111
1994,Test fishery,4951,1251,3700,0.2526762270248435,0.3293534447478273,3.834982831751161
1995,Food and bait,1758,221,1537,0.12571103526734925,0.18449016052477202,3.1319681456200237
1995,Roe gillnet,927,663,264,0.7152103559870551,0.7402369426357548,5.16504854368932
1995,Roe seine,850,316,534,0.37176470588235294,0.45509585228570837,4.314117647058825
1995,Test fishery,5091,1564,3527,0.3072087998428599,0.4050253981252974,4.039481437831467
1996,Food and bait,370,17,353,0.04594594594594595,0.08048178413346953,2.8567567567567576
1996,Roe gillnet,544,437,107,0.8033088235294118,0.8204628598695721,5.2849264705882355
1996,Roe seine,1461,416,1045,0.28473648186173856,0.3962732834713725,3.815195071868582
1996,Test fishery,6931,1626,5305,0.23459818208050787,0.33650896417355947,3.61376424758332
1997,Food and bait,1789,128,1661,0.07154835103409726,0.09505769359034216,3.453884851872554
1997,Roe gillnet,633,490,143,0.7740916271721959,0.7973119770720658,5.791469194312796
1997,Roe seine,800,156,644,0.195,0.2667610314480891,3.8837500000000005
1997,Test fishery,6683,1042,5641,0.1559180008978004,0.23199865466521477,3.5632201107287207
1998,Food and bait,1535,250,1285,0.16286644951140064,0.21491469046523023,3.586319218241041
1998,Roe gillnet,1398,903,495,0.6459227467811158,0.6684943830460801,5.238197424892704
1998,Roe seine,913,197,716,0.2157721796276013,0.2724587653300597,3.905805038335158
1998,Test fishery,7504,1270,6234,0.16924307036247335,0.23045312283092922,3.6892324093816646
1999,Food and bait,1262,177,1085,0.14025356576862125,0.1946805340020349,3.290015847860538
1999,Roe gillnet,836,573,263,0.6854066985645934,0.7002376816893683,5.1387559808612435
1999,Roe seine,962,321,641,0.33367983367983367,0.3902109330078381,4.251559251559252
1999,Test fishery,2924,712,2212,0.24350205198358413,0.3247661760196259,3.7978796169630593
2000,Food and bait,1436,258,1178,0.1796657381615599,0.25588388502154663,3.4895543175487473
2000,Roe gillnet,1097,924,173,0.8422971741112124,0.8535006317848942,5.373746581586144
2000,Roe seine,1026,463,563,0.45126705653021443,0.5461330232380807,4.30019493177388
2000,Test fishery,5650,1781,3869,0.3152212389380531,0.42207061938321205,3.815575221238935
2001,Food and bait,1279,157,1122,0.12275215011727912,0.1629659067848204,3.5449569976544133
2001,Roe gillnet,1027,806,221,0.7848101265822784,0.8019236944274163,5.532619279454724
2001,Roe seine,918,232,686,0.25272331154684097,0.3270897745797965,4.0239651416122
2001,Test fishery,5506,1077,4429,0.19560479476934253,0.26591911736789753,3.7428260079912814
2002,Food and bait,984,93,891,0.09451219512195122,0.12329411764705882,3.469512195121952
2002,Roe gillnet,915,664,251,0.7256830601092896,0.7469345203620659,5.4087431693989085
2002,Roe seine,909,252,657,0.27722772277227725,0.32176652700440866,4.006600660066007
2002,Test fishery,4112,603,3509,0.14664396887159534,0.20181675839400434,3.482490272373542
2003,Food and bait,936,159,777,0.16987179487179488,0.20848431514649549,3.6826923076923084
2003,Roe gillnet,1354,1029,325,0.759970457902511,0.7774347745114084,5.478581979320532
2003,Roe seine,1011,185,826,0.18298714144411474,0.22494432071269488,3.8427299703264093
2003,Test fishery,8009,1292,6717,0.16131851666874766,0.20584622725706256,3.6521413409913897
2004,Food and bait,661,160,501,0.24205748865355523,0.29385412291754165,3.86535552193646
2004,Roe gillnet,1185,882,303,0.7443037974683544,0.7601964523342434,5.263291139240505
2004,Roe seine,636,196,440,0.3081761006289308,0.3513275892386144,4.144654088050314
2004,Test fishery,3878,943,2935,0.24316658071170708,0.30838670795586415,3.7944816915936066
2005,Food and bait,512,195,317,0.380859375,0.4684484838042729,4.1328125
2005,Roe gillnet,773,677,96,0.8758085381630013,0.8837940624416514,5.505821474773609
2005,Roe seine,838,404,434,0.4821002386634845,0.5436910739442979,4.5178997613365155
2005,Test fishery,3796,1180,2616,0.3108535300316122,0.3927339868038774,3.951264488935723
2006,Food and bait,393,66,327,0.16793893129770993,0.22054781829972517,3.427480916030536
2006,Roe gillnet,975,849,126,0.8707692307692307,0.8809808281177057,5.696410256410256
2006,Roe seine,676,292,384,0.4319526627218935,0.5181121057528797,4.316568047337278
2006,Test fishery,4521,1026,3495,0.22694094226940942,0.3289843709796063,3.4762220747622137
2007,Food and bait,1920,296,1624,0.15416666666666667,0.1902654867256637,3.6343750000000012
2007,Roe gillnet,2890,2349,541,0.81280276816609,0.8334485351854105,5.643944636678196
2007,Roe seine,1713,488,1225,0.28488032691185056,0.3587363947964481,4.018680677174549
2007,Test fishery,3563,708,2855,0.19870895312938536,0.2714385329024448,3.702497895032277
2008,Food and bait,1344,237,1107,0.17633928571428573,0.22265409689620436,3.9040178571428563
2008,Roe gillnet,1910,1020,890,0.5340314136125655,0.5623593233243712,4.977486910994763
2008,Roe seine,1766,518,1248,0.29331823329558326,0.32992773486169946,4.400339750849378
2008,Test fishery,2189,385,1804,0.17587939698492464,0.20840906675913135,4.052535404294198
2009,Food and bait,1039,104,935,0.10009624639076034,0.14338075507779677,3.5370548604427303
2009,Roe gillnet,877,772,105,0.8802736602052451,0.8961321447494399,5.4025085518814135
2009,Roe seine,1662,332,1330,0.19975932611311673,0.28246004579872497,3.5992779783393503
2009,Test fishery,2388,494,1894,0.2068676716917923,0.30779414289908213,3.675460636515914
2010,Food and bait,1017,64,953,0.06293018682399214,0.08595824840961028,3.3638151425762053
2010,Roe gillnet,923,700,223,0.7583965330444203,0.7845603507962151,5.807150595882992
2010,Roe seine,1732,370,1362,0.21362586605080833,0.25790916453803503,4.3827944572748265
2010,Test fishery,3223,306,2917,0.09494260006205399,0.13033508878221559,3.664908470369218
2011,Food and bait,4389,295,4094,0.06721348826611985,0.08334644771536759,3.3075871496924156
2011,Roe gillnet,1903,1723,180,0.905412506568576,0.9186199332898267,5.388334209143458
2011,Test fishery,5442,1220,4222,0.22418228592429254,0.2905341961357107,3.520948180815875
2012,Food and bait,4550,635,3915,0.13956043956043956,0.18888031346473522,3.4432967032967006
2012,Roe gillnet,2190,636,1554,0.29041095890410956,0.30147282715240903,4.454337899543378
2012,Roe seine,1117,168,949,0.1504028648164727,0.17133297140388004,3.943598925693824
2012,Test fishery,3763,482,3281,0.12808929045973957,0.15066737099232533,3.8150411905394646
2013,Food and bait,3955,709,3246,0.17926675094816688,0.24803773400936038,3.537800252844498
2013,Roe gillnet,1260,947,313,0.7515873015873016,0.7646444987900283,5.090476190476191
2013,Roe seine,2314,939,1375,0.40579083837510804,0.4622339476673771,4.266205704407952
2013,Test fishery,2169,651,1518,0.30013831258644535,0.3737957287205755,3.8948824343015245
2014,Food and bait,2491,331,2160,0.13287836210357287,0.19548167325248672,3.3717382577278188
2014,Roe gillnet,1613,1480,133,0.9175449473031618,0.9241346404094735,5.717916924984501
2014,Roe seine,1846,896,950,0.48537378114842905,0.5574159184636649,4.463163596966416
2014,Test fishery,979,277,702,0.28294177732379977,0.3874846377031941,3.7497446373850893
2015,Food and bait,4009,801,3208,0.199800448989773,0.24731486988250045,3.750810675979045
2015,Roe gillnet,2308,1752,556,0.7590987868284229,0.7867630817585012,5.673310225303291
2015,Roe seine,3013,522,2491,0.17324925323597742,0.21282513939903053,3.8181214736143367
2015,Test fishery,3275,514,2761,0.1569465648854962,0.20237461245350474,3.69618320610687
2016,Food and bait,1987,387,1600,0.19476597886260694,0.2847045563061124,3.2179164569703023
2016,Roe gillnet,2132,1353,779,0.6346153846153846,0.6682764088262163,5.33958724202627
2016,Roe seine,2305,789,1516,0.3422993492407809,0.39106310642524256,4.216052060737527
2016,Test fishery,2837,566,2271,0.19950652097285865,0.24346092246341025,3.6887557278815652
2017,Food and bait,2233,488,1745,0.21854008060904612,0.3203264940563426,3.247201074787294
2017,Roe gillnet,2708,2020,688,0.7459379615952733,0.7591657819284539,5.26698670605613
2017,Roe seine,2183,761,1422,0.34860284012826387,0.397726459891165,4.101236830050389
2017,Test fishery,2444,843,1601,0.34492635024549917,0.414527533530532,4.008592471358429
2018,Food and bait,2918,544,2374,0.1864290610006854,0.25547853559649697,3.493488690884168
2018,Roe gillnet,2236,1720,516,0.7692307692307693,0.7846989043453102,5.333184257602863
2018,Roe seine,2104,761,1343,0.3616920152091255,0.42424273934427936,4.182034220532321
2018,Test fishery,2486,600,1886,0.2413515687851971,0.31439503172118316,3.686645213193882
2019,Food and bait,3123,507,2616,0.16234390009606148,0.22713141066147663,3.463016330451487
2019,Roe gillnet,2237,1421,816,0.6352257487706751,0.6611321352856095,5.072418417523471
2019,Roe seine,2213,703,1510,0.3176683235427022,0.3844735276621059,4.014460009037505
2019,Test fishery,3120,408,2712,0.13076923076923078,0.1834173214895798,3.2304487179487174
2020,Food and bait,1908,328,1580,0.1719077568134172,0.22159168029369752,3.646226415094337
2020,Roe gillnet,2809,1703,1106,0.6062655749377003,0.6336563055653281,4.963688145247421
2020,Roe seine,1751,394,1357,0.22501427755568246,0.2770942383095436,3.8292404340376938
2020,Test fishery,2283,208,2075,0.09110819097678494,0.13032190413624076,3.196671046868154
2021,Food and bait,1277,156,1121,0.12216131558339859,0.18847084399873767,3.17854346123728
2021,Roe gillnet,2670,1451,1219,0.5434456928838951,0.5701632135812859,4.906741573033705
2021,Roe seine,1042,239,803,0.22936660268714013,0.27209064713513265,3.936660268714011
2021,Test fishery,2254,346,1908,0.15350488021295475,0.19007843992329324,3.6863354037267078
2022,Food and bait,1871,267,1604,0.14270443613041153,0.24612096263457886,2.989310529128811
2022,Roe gillnet,1768,1292,476,0.7307692307692307,0.7451937762504773,5.0650452488687785
2022,Roe seine,494,217,277,0.4392712550607287,0.5009603816197733,4.340080971659919
2022,Test fishery,1537,324,1213,0.21080026024723486,0.30011335465260947,3.427456083279104
2023,Food and bait,1748,431,1317,0.2465675057208238,0.3551514104280962,3.5755148741418643
2023,Roe gillnet,1618,1388,230,0.857849196538937,0.8689776089418124,5.489493201483313
2023,Roe seine,1392,534,858,0.38362068965517243,0.46081179108414666,4.198275862068966
2023,Test fishery,1851,451,1400,0.24365207995678012,0.3307697482006323,3.7287952458130738
2024,Food and bait,957,154,803,0.16091954022988506,0.2683948442303198,3.1013584117032362
2024,Roe gillnet,1528,1069,459,0.699607329842932,0.7218604390052209,5.349476439790575
2024,Roe seine,2302,645,1657,0.2801911381407472,0.3447902112270897,4.0625543006081655
2024,Test fishery,2143,363,1780,0.16938870741950537,0.21704120543482286,3.7260849276714896
