Year,occupancy,kde50_km2,kde95_km2,hull_area_km2,lat_range,core25,gini,mean_pairwise_km,sd_dist_km,moranI,edge_radius_km
1951,0.6842105263157895,5347.6987768399,12156.66237711828,8947.608550346604,1.8125,0.9633207298405291,0.8975388603141287,100.42855723296232,20.152973455458564,-0.06187378425209244,141.24358051109203
1952,0.631578947368421,4566.156128896783,10598.349670677264,9030.066184057729,1.7653880000000015,0.8397822428641135,0.829774673253968,93.91557927300006,24.1328810935289,0.1569756899891501,123.91118138211685
1953,0.47368421052631576,3665.278820553656,9506.50169801143,6730.156334874259,1.4875000000000043,0.8106068233581272,0.8024956765297495,79.52127593087675,18.6888227208391,0.05817871904518972,109.1197301944488
1954,0.5789473684210527,3672.223154934778,9314.079350822198,6507.5679091202155,1.4425000000000026,0.8738818329435263,0.8358500024148864,79.82863653190896,15.180141819211885,-0.06554475915840496,109.1197301944488
1955,0.7368421052631579,4913.444308724753,11225.619980194362,9376.25613194484,1.7653880000000015,0.8030816473406617,0.7509717896474685,89.38919786972679,22.517494294012977,-0.023969575400528412,123.91118138211685
1956,0.5789473684210527,4523.91555817329,11996.186740941239,9019.048012628617,1.698164999999996,0.762673680948485,0.7759611258144381,94.17336064910818,25.296726679217283,0.161469925675451,123.91118138211685
1957,0.5789473684210527,4633.554153258536,12713.877871887493,8813.989803579952,1.698164999999996,0.8551810837367596,0.8424952757787209,89.02175000619565,24.74384761109419,0.02562859940106365,123.91118138211685
1958,0.5789473684210527,3840.3541143415496,12402.950417105756,13984.652071098808,1.698164999999996,0.6769193972695351,0.7194921584226508,90.97438341834349,27.572992626539058,0.1795586794847849,123.91118138211685
1959,0.8947368421052632,5673.671513370951,12662.178288713741,14564.617451345479,1.831111,0.8755547157785181,0.7712718650408893,98.17813934321724,29.54967340643817,0.09098526517287962,141.24358051109203
1960,0.7894736842105263,5526.919691096943,11026.229089802819,14904.045596577125,1.7541579999999968,0.8277933097110625,0.7671473593148391,91.5658393742018,26.269410577682635,-0.10130558625101942,123.91118138211685
1961,0.7368421052631579,5458.532746449444,11748.320803549843,15854.314838112969,1.6326099999999997,0.8388906377929011,0.7615006546606247,85.04080234726337,24.665924542685367,-0.11682173466377657,123.91118138211685
1962,0.7894736842105263,5206.707537683204,11149.400672931379,15078.308650355311,1.6729160000000007,0.7454495535186663,0.7212016231531014,85.14309438388769,22.795642331769198,-0.03209781213796591,123.91118138211685
1963,0.8421052631578947,4345.411264298778,10786.208161048697,14733.911930403572,1.5322219999999973,0.785980963779524,0.7388411498109085,88.15404845685497,21.214209537837007,0.022049454306529895,123.91118138211685
1964,0.8421052631578947,6055.522754760186,12359.53139539823,16653.040676072604,1.7701100000000025,0.8765948810957017,0.7899802133740904,88.15404845685497,30.11807156166409,-0.10899366443057817,123.91118138211685
1965,0.6842105263157895,6880.630738750716,11329.930065547987,13215.618114513061,1.3097220000000007,0.8791332922016634,0.8141682806395374,79.21324820041947,19.47420273731901,-0.12671537057194968,122.34781144655858
1966,0.6842105263157895,6484.655051093719,13109.42259418196,11673.980182991638,1.4552779999999998,0.7208231861726851,0.7084724868392066,86.73040906999032,29.176157103033454,-4.558472327362224e-4,122.34781144655858
1967,0.7894736842105263,4930.339446038552,12046.926164597666,15766.882897290547,1.698910000000005,0.8035988183961748,0.7138047364364686,96.46434495768868,27.400501096724792,-0.09803617205799912,123.91118138211685
1968,0.7894736842105263,5560.721612746869,12745.210087086276,15452.353914257492,1.6829579999999993,0.6459971551901654,0.6088989014015972,89.14852048470324,26.156623891401654,0.14989758551948135,123.91118138211685
1969,0.7368421052631579,6449.081299965882,13205.643317507418,12826.515928235809,1.797778000000001,0.6530018547758065,0.6247393196194271,104.52324064679328,26.581463689962668,-0.042650057796394025,141.24358051109203
1970,0.7894736842105263,4341.721724494038,11782.341399643497,12345.24039327343,1.6641359999999992,0.7509088581507899,0.713605209571516,93.23917203100298,23.90776190022322,-0.15478939521426674,141.24358051109203
1971,0.7894736842105263,5899.920767113247,11489.848974793447,10556.071107380654,1.698910000000005,0.6954383948278985,0.6608369167874955,86.96471831385816,28.82744481596693,-0.034128761915172064,123.91118138211685
1972,0.7894736842105263,5416.713557688237,13019.989036730754,14060.23792382093,1.793056,0.7783022772406907,0.7211442265236799,97.15595904968917,26.006047890099765,-0.1438273829334639,141.24358051109203
1973,0.42105263157894735,4759.12243027038,11652.06942572834,6468.0068954798235,1.4491670000000028,0.5479579791924535,0.7512585960123679,87.57860286922438,29.453465558564638,-0.1108645115753725,122.34781144655858
1974,0.6842105263157895,4008.511840632751,11281.274494961739,12531.582941760467,1.514721999999999,0.830918684269629,0.8017827061740915,90.78275317366274,30.339731528037237,0.0462780184071535,122.34781144655858
1975,0.631578947368421,4160.586196703057,10819.531078022117,12241.839518508881,1.4762699999999995,0.6777479499595889,0.72069151884654,90.77738503846021,26.201028337344788,0.13000572521705822,122.34781144655858
1976,0.631578947368421,5543.097991609374,11508.303300136084,12658.816311964616,1.461945,0.8626753206794923,0.8238075074104758,91.22766953441182,29.911230025096724,0.0019968312342172408,122.34781144655858
1977,0.6842105263157895,4235.003543740626,10827.080133532261,12783.92240435037,1.5208340000000007,0.8999727308555248,0.8236036109408723,87.41463585789643,23.365521322664772,0.20999877514448873,122.34781144655858
1978,0.5263157894736842,4074.67770662845,10530.587843255244,12315.773374618682,1.4922220000000053,0.906596548955576,0.8701215657477186,99.95440881238446,18.9420226908081,0.1287595165471466,122.34781144655858
1979,0.47368421052631576,4505.471058897419,10497.688349500755,5324.404609926539,1.461945,0.8522705282866377,0.8313747684411862,97.94489224170341,21.75100863052352,0.21170991177753343,122.34781144655858
1980,0.5263157894736842,4401.346970295292,10812.271204142535,7229.8921240720565,1.5208340000000007,0.8606863299330384,0.8654061877857258,94.27390206186968,25.421676360268396,-0.009532704048927736,122.34781144655858
1981,0.47368421052631576,4560.271508293266,10703.650708533294,6231.9159071451895,1.3118669999999995,0.8820140060365279,0.8594742456015109,85.73248743130455,21.636715473899685,0.034439242421497436,122.34781144655858
1982,0.5263157894736842,4293.875549960667,10651.054532234804,7017.384480839256,1.5358339999999941,0.8940718699326375,0.84151164286356,94.27390206186968,22.898581111661198,0.18025831808275344,122.34781144655858
1983,0.47368421052631576,3397.1809735339134,8694.052356909946,4378.69667287413,1.361110999999994,0.8120736321886687,0.8046370677246371,86.48712770486645,28.543210367629666,0.05375292773211436,109.1197301944488
1984,0.3157894736842105,2678.1974086178866,8152.288430635269,3685.220107680606,1.2055549999999968,0.8243504023713254,0.8766380780235914,79.32932100815525,20.881116977254386,0.002441872407479583,100.33850658479831
1985,0.3157894736842105,2948.36857972933,9001.880499189692,4457.9737565103305,1.361110999999994,0.8076977043320784,0.8670514877555612,96.66823804040708,19.206565378902944,-0.020642076467436855,109.1197301944488
1986,0.3684210526315789,1809.6255857343886,7363.926013478099,3884.518584252655,1.361110999999994,0.8831030042337179,0.9050499615506374,88.95901528692916,20.903063524296826,-0.006410862988354072,109.1197301944488
1987,0.47368421052631576,2758.1568276599005,7645.360670368271,4948.875718613284,1.2002769999999998,0.891684215117996,0.8664263046859861,75.25542280624008,27.268774008834342,-0.05204988453008413,100.33850658479831
1988,0.21052631578947367,1473.8959475530398,5276.795052589206,2730.46103593826,0.8877290000000002,0.7347474958158288,0.9106895373530921,67.22656263181557,21.579084850643174,-0.04911640822712553,74.36212041774768
1989,0.3684210526315789,2717.7841557979477,9140.676803375145,5192.902996951386,1.4786000000000001,0.9433892807013305,0.9140383501192533,92.75217946606344,17.664995667523264,0.059131447029530305,141.24358051109203
1990,0.2631578947368421,2224.5404086158383,6287.052445852185,3432.717190384732,0.9299999999999997,0.79260556844413,0.8740916956943361,62.57285172252941,20.861317173349974,0.03627680493116569,74.36212041774768
1991,0.2631578947368421,3094.277009081039,11813.584926900989,4005.627338401066,1.7452769999999944,0.9915831557103278,0.9388687127082592,123.12381875812571,21.38033836590752,-0.05144760649038143,141.24358051109203
1992,0.47368421052631576,2624.619734151821,10309.260676331744,13869.697225973083,1.7452769999999944,0.9386393423635938,0.9242162576197738,95.80015661507318,21.127265096333332,-0.026020317597124688,141.24358051109203
1993,0.42105263157894735,1780.76645013038,8430.671388189354,4502.116433544407,1.5700000000000003,0.7675863650259729,0.8696984646363725,92.94005480292181,19.559910138367748,0.01989837781682444,141.24358051109203
1994,0.2631578947368421,1220.5002554775847,6352.1241996842355,3345.2725221124037,1.388226000000003,0.8992542019329055,0.9070447450277814,91.61191363200534,18.494637371574964,0.04903403259417065,141.24358051109203
1995,0.2631578947368421,1157.7332957831743,4568.768935695423,1289.2137131260185,0.7633329999999958,0.9021563827806619,0.8806706169299964,62.498517318065865,16.570574632229015,0.17502805271778005,109.1197301944488
1996,0.3157894736842105,717.4168953304411,3351.2031195770055,4711.915989171923,1.2002769999999998,0.9723820457794348,0.9258532341739687,75.77964743270662,12.9655837457909,0.026845258135168543,100.33850658479831
1997,0.2631578947368421,1335.001908437877,4556.786241477984,2827.980795850432,0.6863880000000009,0.9451006304162639,0.9272634052147685,50.44312637880345,18.66053572872302,-0.0393607909562051,74.36212041774768
1998,0.2631578947368421,1048.4608304020128,3775.9989358087805,2577.7008488238735,0.8017789999999962,0.8861986748839541,0.9093411492892434,61.359626644522976,14.608631909437715,0.00949813780591351,74.36212041774768
1999,0.3157894736842105,1294.826285421547,4714.327494987977,2792.004070764589,1.0863879999999995,0.7560214915461168,0.8522499423978181,77.7114091902041,17.22742943297535,0.1817400344650944,100.33850658479831
2000,0.5789473684210527,1594.2001943110008,7145.433062042538,11629.104022216701,1.8369829999999965,0.9563817034499111,0.8754665345778081,97.52466269325238,15.294347144188066,0.16587233279593439,123.91118138211685
2001,0.42105263157894735,1471.5527198187838,6538.591227510737,4404.471655903454,1.1685170000000014,0.7562978267846243,0.8607839949165838,75.47575009491034,22.83662341293409,0.1956497127332028,123.91118138211685
2002,0.3684210526315789,1617.6834167186967,6633.553263346229,2641.553772371815,1.3683339999999973,0.6075812623116252,0.8054795738860347,86.65007494754035,19.65426618729132,0.17102017050420243,123.91118138211685
2003,0.2631578947368421,1208.3605016742465,4080.3635352306237,5756.092533780482,1.4241659999999996,0.7807927922956197,0.8611930200743563,76.58843471934615,17.57678344770797,0.13047180913682738,88.67976771596885
2004,0.42105263157894735,1363.163146202489,5190.964332660924,8141.825089168045,1.5716659999999933,0.7518316005727179,0.8576885471238999,92.46271920597822,14.151263796354652,0.07104158669485941,109.1197301944488
2005,0.47368421052631576,1559.5114840143235,5929.797848238733,8235.658502242852,1.5716659999999933,0.9223939465176706,0.8933080716139506,80.90300102427996,14.5024287803368,0.15009524900213722,109.1197301944488
2006,0.15789473684210523,1173.1079593389425,4115.482582753701,1246.5059400424811,0.664443999999996,0.5589785896813637,0.8901671928528941,60.84593144961796,16.960274092876077,0.1443815416131937,74.36212041774768
2007,0.3157894736842105,1141.7494428434088,5040.570209308102,1889.3784194765815,0.9418889999999962,0.9486076801684737,0.9050632872491857,68.91152131188412,12.616311306600219,0.11726891731307149,123.91118138211685
2008,0.3684210526315789,1585.1203570556193,6264.514308575804,2923.3080976921074,1.085290999999998,0.8566138229611051,0.8920347589433536,77.66152232418953,21.194860813642258,0.05529606367114495,123.91118138211685
2009,0.3157894736842105,1636.122198105974,5991.272204222972,2828.739905505791,1.0727589999999978,0.8662952728924551,0.8807801871373627,68.91152131188412,25.453803651367565,0.1325422934844623,123.91118138211685
2010,0.2631578947368421,1146.4891615299011,3812.1013412246543,1279.9138926434375,0.6954480000000061,0.7237355049291029,0.8398826885018451,58.790757172179,13.489519567316002,0.056629455996808464,74.36212041774768
2011,0.2631578947368421,899.1135306290319,3125.4371044685095,1099.6185768907603,0.6122220000000027,0.6875764443803482,0.8439118089218132,58.790757172179,13.781122267928161,0.14282196272646047,74.36212041774768
2012,0.3684210526315789,1751.8001449083572,6375.926401148577,8561.454789429916,1.111226000000002,0.812704833040119,0.8767679859854823,79.286819393784,17.249397980654773,0.09854124440546687,123.91118138211685
2013,0.3157894736842105,1171.4251217342244,5051.929823319235,2136.035702020016,0.8916400000000024,0.8687294292147945,0.8824428308255632,70.49079333618927,12.761118982004307,0.16088072819370725,109.1197301944488
2014,0.3684210526315789,1117.5165375362822,4008.0501829753775,3264.623898242752,0.7557009999999948,0.7313535245746923,0.8569165542304125,59.12350058790513,14.892314113161795,0.24635042550765873,74.36212041774768
2015,0.3684210526315789,1998.5645059144315,6127.441053170106,3570.8194982445125,0.9725000000000037,0.5303178698840806,0.7784137781530335,68.62641003717204,24.419886450094758,0.23480104701632987,80.52533402352108
2016,0.3157894736842105,1543.2977004909703,5248.120843870855,2303.1875594252197,1.143074999999996,0.8438767819072543,0.8957702992147037,71.14375769332777,16.89657299215805,0.02402926509642176,80.52533402352108
2017,0.21052631578947367,1010.2307546004988,2922.156828108658,964.4236004871487,0.5679480000000012,0.45388857330999155,0.862835390840139,48.70457299798988,9.834027006046828,0.22501913643252952,45.0356110594678
2018,0.2631578947368421,763.8377687844376,2663.898312514783,2069.5933681084784,0.5005199999999945,0.9841475335736889,0.9273260198074853,49.039108174099866,8.868801724232226,0.05700806493114068,45.0356110594678
2019,0.2631578947368421,1101.5342217734524,4493.975729010496,3985.817451584221,0.4920089999999959,0.941797818705125,0.9370379915546039,66.51683654950048,8.69532015216628,-0.021915736565793428,91.04764533556477
2020,0.47368421052631576,1728.2159830808778,5845.172821352605,6791.234870618278,0.9220559999999978,0.7245016021733741,0.8332840156571268,73.90771142771695,13.196296466761861,0.2719101803918926,91.04764533556477
2021,0.3157894736842105,1485.1786558173824,4769.815228668341,3893.7964386681538,0.9709300000000027,0.5362906383281705,0.7978284350608217,60.961595319310945,13.60379588491615,0.19137935978141932,88.67976771596885
2022,0.3684210526315789,1909.4976656269328,9969.191790229928,10559.739371481968,1.371110999999999,0.9515148077168486,0.9168689387891187,92.6704447497816,16.091501525075255,0.046698645600598006,141.24358051109203
2023,0.3157894736842105,1303.2116473601882,4550.087266823263,3221.2378367268725,1.0761760000000038,0.6355490530035969,0.8195874123675174,61.43063768941525,13.936918308907758,0.23918938883888716,74.36212041774768
2024,0.3157894736842105,1123.623282851753,4495.347832678091,2634.8480862813394,0.8766670000000047,0.7355349953357073,0.8397026635182763,61.43063768941525,19.492883227249408,0.18899395474003136,74.36212041774768
