Year,n_active,occupancy,reg,N_all,prop_old,source,n_samples,pop_old,region,logit_occ
1951,3,0.5,HG,6,0.31599947647362375,reduction,16,NA,Haida Gwaii,0
1952,4,0.6666666666666666,HG,6,0.26945469916502424,reduction,24,NA,Haida Gwaii,0.6931471805599452
1953,4,0.6666666666666666,HG,6,NA,NA,NA,NA,Haida Gwaii,0.6931471805599452
1954,4,0.6666666666666666,HG,6,NA,NA,NA,NA,Haida Gwaii,0.6931471805599452
1955,2,0.3333333333333333,HG,6,NA,NA,NA,NA,Haida Gwaii,-0.6931471805599454
1956,3,0.5,HG,6,0.7442588232222312,reduction,23,NA,Haida Gwaii,0
1957,2,0.3333333333333333,HG,6,0.39029859796736743,reduction,100,NA,Haida Gwaii,-0.6931471805599454
1958,3,0.5,HG,6,0.00472043154413975,reduction,52,NA,Haida Gwaii,0
1959,5,0.8333333333333334,HG,6,0.07222222222222223,reduction,2,NA,Haida Gwaii,1.6094379124341007
1960,5,0.8333333333333334,HG,6,NA,NA,NA,NA,Haida Gwaii,1.6094379124341007
1961,4,0.6666666666666666,HG,6,NA,NA,NA,NA,Haida Gwaii,0.6931471805599452
1962,5,0.8333333333333334,HG,6,0.1436904025679536,reduction,7,NA,Haida Gwaii,1.6094379124341007
1963,4,0.6666666666666666,HG,6,0.22217860802269496,reduction,17,NA,Haida Gwaii,0.6931471805599452
1964,4,0.6666666666666666,HG,6,0.24624076424828303,reduction,11,NA,Haida Gwaii,0.6931471805599452
1965,4,0.6666666666666666,HG,6,0.08135000838279977,reduction,22,NA,Haida Gwaii,0.6931471805599452
1966,4,0.6666666666666666,HG,6,NA,NA,NA,NA,Haida Gwaii,0.6931471805599452
1967,5,0.8333333333333334,HG,6,NA,NA,NA,NA,Haida Gwaii,1.6094379124341007
1968,4,0.6666666666666666,HG,6,NA,NA,NA,NA,Haida Gwaii,0.6931471805599452
1969,3,0.5,HG,6,NA,NA,NA,NA,Haida Gwaii,0
1970,6,1,HG,6,NA,NA,NA,NA,Haida Gwaii,6.906754778648553
1971,4,0.6666666666666666,HG,6,NA,NA,NA,NA,Haida Gwaii,0.6931471805599452
1972,5,0.8333333333333334,HG,6,NA,NA,NA,NA,Haida Gwaii,1.6094379124341007
1973,4,0.6666666666666666,HG,6,NA,NA,NA,NA,Haida Gwaii,0.6931471805599452
1974,4,0.6666666666666666,HG,6,0.4702614379084967,gillnet,2,NA,Haida Gwaii,0.6931471805599452
1975,4,0.6666666666666666,HG,6,0.775,gillnet,1,0.439802549664248,Haida Gwaii,0.6931471805599452
1976,6,1,HG,6,0.9936708860759493,gillnet,2,0.6313926722534486,Haida Gwaii,6.906754778648553
1977,5,0.8333333333333334,HG,6,NA,NA,NA,NA,Haida Gwaii,1.6094379124341007
1978,6,1,HG,6,0.9592074592074592,gillnet,2,NA,Haida Gwaii,6.906754778648553
1979,6,1,HG,6,0.7280381288317797,gillnet,3,NA,Haida Gwaii,6.906754778648553
1980,4,0.6666666666666666,HG,6,0.9237623568660998,gillnet,19,0.11634270858311835,Haida Gwaii,0.6931471805599452
1981,6,1,HG,6,0.2606916115194442,gillnet,15,0.10602841189814181,Haida Gwaii,6.906754778648553
1982,6,1,HG,6,0.963129394786617,gillnet,8,0.8646128946069773,Haida Gwaii,6.906754778648553
1983,6,1,HG,6,0.9853448861965406,gillnet,11,0.8307477018035933,Haida Gwaii,6.906754778648553
1984,6,1,HG,6,0.9639272266293251,gillnet,6,0.5582486163279556,Haida Gwaii,6.906754778648553
1985,6,1,HG,6,0.8269613427508165,gillnet,3,0.46691816174966583,Haida Gwaii,6.906754778648553
1986,5,0.8333333333333334,HG,6,0.885501102101976,gillnet,7,0.7043676997388014,Haida Gwaii,1.6094379124341007
1987,6,1,HG,6,NA,NA,NA,NA,Haida Gwaii,6.906754778648553
1988,5,0.8333333333333334,HG,6,NA,NA,NA,NA,Haida Gwaii,1.6094379124341007
1989,5,0.8333333333333334,HG,6,NA,NA,NA,NA,Haida Gwaii,1.6094379124341007
1990,5,0.8333333333333334,HG,6,0.9124112465893265,gillnet,7,0.6791429402023734,Haida Gwaii,1.6094379124341007
1991,5,0.8333333333333334,HG,6,0.9723419936006706,gillnet,6,0.7829343666231734,Haida Gwaii,1.6094379124341007
1992,5,0.8333333333333334,HG,6,NA,NA,NA,NA,Haida Gwaii,1.6094379124341007
1993,5,0.8333333333333334,HG,6,NA,NA,NA,NA,Haida Gwaii,1.6094379124341007
1994,5,0.8333333333333334,HG,6,NA,NA,NA,NA,Haida Gwaii,1.6094379124341007
1995,4,0.6666666666666666,HG,6,NA,NA,NA,NA,Haida Gwaii,0.6931471805599452
1996,4,0.6666666666666666,HG,6,NA,NA,NA,NA,Haida Gwaii,0.6931471805599452
1997,4,0.6666666666666666,HG,6,NA,NA,NA,NA,Haida Gwaii,0.6931471805599452
1998,3,0.5,HG,6,NA,NA,NA,NA,Haida Gwaii,0
1999,4,0.6666666666666666,HG,6,0.6857623235813957,gillnet,7,0.30477607709750565,Haida Gwaii,0.6931471805599452
2000,3,0.5,HG,6,NA,NA,NA,NA,Haida Gwaii,0
2001,4,0.6666666666666666,HG,6,NA,NA,NA,NA,Haida Gwaii,0.6931471805599452
2002,4,0.6666666666666666,HG,6,NA,NA,NA,NA,Haida Gwaii,0.6931471805599452
2003,3,0.5,HG,6,NA,NA,NA,NA,Haida Gwaii,0
2004,4,0.6666666666666666,HG,6,NA,NA,NA,NA,Haida Gwaii,0.6931471805599452
2005,4,0.6666666666666666,HG,6,NA,NA,NA,NA,Haida Gwaii,0.6931471805599452
2006,3,0.5,HG,6,NA,NA,NA,NA,Haida Gwaii,0
2007,4,0.6666666666666666,HG,6,NA,NA,NA,NA,Haida Gwaii,0.6931471805599452
2008,3,0.5,HG,6,NA,NA,NA,NA,Haida Gwaii,0
2009,3,0.5,HG,6,NA,NA,NA,NA,Haida Gwaii,0
2010,5,0.8333333333333334,HG,6,NA,NA,NA,NA,Haida Gwaii,1.6094379124341007
2011,5,0.8333333333333334,HG,6,NA,NA,NA,NA,Haida Gwaii,1.6094379124341007
2012,4,0.6666666666666666,HG,6,NA,NA,NA,NA,Haida Gwaii,0.6931471805599452
2013,5,0.8333333333333334,HG,6,NA,NA,NA,NA,Haida Gwaii,1.6094379124341007
2014,3,0.5,HG,6,NA,NA,NA,NA,Haida Gwaii,0
2015,3,0.5,HG,6,NA,NA,NA,NA,Haida Gwaii,0
2016,3,0.5,HG,6,NA,NA,NA,NA,Haida Gwaii,0
2017,3,0.5,HG,6,NA,NA,NA,NA,Haida Gwaii,0
2018,3,0.5,HG,6,NA,NA,NA,NA,Haida Gwaii,0
2019,5,0.8333333333333334,HG,6,NA,NA,NA,NA,Haida Gwaii,1.6094379124341007
2020,4,0.6666666666666666,HG,6,NA,NA,NA,NA,Haida Gwaii,0.6931471805599452
2021,3,0.5,HG,6,NA,NA,NA,NA,Haida Gwaii,0
2022,4,0.6666666666666666,HG,6,NA,NA,NA,NA,Haida Gwaii,0.6931471805599452
2023,3,0.5,HG,6,NA,NA,NA,NA,Haida Gwaii,0
2024,4,0.6666666666666666,HG,6,NA,NA,NA,NA,Haida Gwaii,0.6931471805599452
1951,4,0.5714285714285714,PRD,7,0.45388252545430496,reduction,58,NA,Prince Rupert District,0.28768207245178085
1952,4,0.5714285714285714,PRD,7,0.48992733215644835,reduction,33,NA,Prince Rupert District,0.28768207245178085
1953,4,0.5714285714285714,PRD,7,0.4325824771643029,reduction,36,NA,Prince Rupert District,0.28768207245178085
1954,5,0.7142857142857143,PRD,7,0.24222042758736634,reduction,6,NA,Prince Rupert District,0.9162907318741551
1955,4,0.5714285714285714,PRD,7,0.22257987899162282,reduction,18,NA,Prince Rupert District,0.28768207245178085
1956,5,0.7142857142857143,PRD,7,0.20717176486725605,reduction,25,NA,Prince Rupert District,0.9162907318741551
1957,5,0.7142857142857143,PRD,7,0.3582351919697359,reduction,98,NA,Prince Rupert District,0.9162907318741551
1958,5,0.7142857142857143,PRD,7,0.09598893969286414,reduction,8,NA,Prince Rupert District,0.9162907318741551
1959,3,0.42857142857142855,PRD,7,0.210177235587257,reduction,81,NA,Prince Rupert District,-0.2876820724517809
1960,4,0.5714285714285714,PRD,7,0.11765994449873388,reduction,62,NA,Prince Rupert District,0.28768207245178085
1961,5,0.7142857142857143,PRD,7,0.34572857475221747,reduction,54,NA,Prince Rupert District,0.9162907318741551
1962,4,0.5714285714285714,PRD,7,0.1866565248753,reduction,40,NA,Prince Rupert District,0.28768207245178085
1963,2,0.2857142857142857,PRD,7,0.31754171768865785,reduction,61,NA,Prince Rupert District,-0.9162907318741551
1964,4,0.5714285714285714,PRD,7,0.302005108949631,reduction,57,NA,Prince Rupert District,0.28768207245178085
1965,2,0.2857142857142857,PRD,7,0.39232439558578147,reduction,59,NA,Prince Rupert District,-0.9162907318741551
1966,3,0.42857142857142855,PRD,7,NA,NA,NA,NA,Prince Rupert District,-0.2876820724517809
1967,3,0.42857142857142855,PRD,7,NA,NA,NA,NA,Prince Rupert District,-0.2876820724517809
1968,4,0.5714285714285714,PRD,7,NA,NA,NA,NA,Prince Rupert District,0.28768207245178085
1969,5,0.7142857142857143,PRD,7,NA,NA,NA,NA,Prince Rupert District,0.9162907318741551
1970,5,0.7142857142857143,PRD,7,NA,NA,NA,NA,Prince Rupert District,0.9162907318741551
1971,6,0.8571428571428571,PRD,7,NA,NA,NA,NA,Prince Rupert District,1.7917594692280545
1972,4,0.5714285714285714,PRD,7,NA,NA,NA,NA,Prince Rupert District,0.28768207245178085
1973,4,0.5714285714285714,PRD,7,NA,NA,NA,NA,Prince Rupert District,0.28768207245178085
1974,6,0.8571428571428571,PRD,7,0.6045197740112994,gillnet,2,NA,Prince Rupert District,1.7917594692280545
1975,5,0.7142857142857143,PRD,7,0.6808510638297872,gillnet,1,0.5989403599389447,Prince Rupert District,0.9162907318741551
1976,4,0.5714285714285714,PRD,7,0.8421052631578947,gillnet,1,NA,Prince Rupert District,0.28768207245178085
1977,6,0.8571428571428571,PRD,7,0.9681421187352385,gillnet,4,NA,Prince Rupert District,1.7917594692280545
1978,4,0.5714285714285714,PRD,7,0.7925008781173164,gillnet,2,NA,Prince Rupert District,0.28768207245178085
1979,4,0.5714285714285714,PRD,7,0.88183126250764865,gillnet,5,NA,Prince Rupert District,0.28768207245178085
1980,5,0.7142857142857143,PRD,7,0.8789695530033876,gillnet,10,0.13375335125204127,Prince Rupert District,0.9162907318741551
1981,5,0.7142857142857143,PRD,7,0.6064867392458145,gillnet,8,0.06481464277788307,Prince Rupert District,0.9162907318741551
1982,4,0.5714285714285714,PRD,7,NA,NA,NA,NA,Prince Rupert District,0.28768207245178085
1983,7,1,PRD,7,NA,NA,NA,NA,Prince Rupert District,6.906754778648553
1984,5,0.7142857142857143,PRD,7,0.9706956648179451,gillnet,7,0.44964832079752604,Prince Rupert District,0.9162907318741551
1985,5,0.7142857142857143,PRD,7,0.8331175768876607,gillnet,7,0.3387967501097152,Prince Rupert District,0.9162907318741551
1986,5,0.7142857142857143,PRD,7,0.9520108282973909,gillnet,16,0.7619231591830237,Prince Rupert District,0.9162907318741551
1987,5,0.7142857142857143,PRD,7,0.9644024553643974,gillnet,20,0.49322067099323913,Prince Rupert District,0.9162907318741551
1988,5,0.7142857142857143,PRD,7,0.9312435519225413,gillnet,10,0.2913964577820144,Prince Rupert District,0.9162907318741551
1989,5,0.7142857142857143,PRD,7,0.9545588619680265,gillnet,7,0.4268312939548928,Prince Rupert District,0.9162907318741551
1990,4,0.5714285714285714,PRD,7,0.9375953049985033,gillnet,7,0.5849160645616815,Prince Rupert District,0.28768207245178085
1991,5,0.7142857142857143,PRD,7,0.9575181267774934,gillnet,12,0.4099618110173884,Prince Rupert District,0.9162907318741551
1992,5,0.7142857142857143,PRD,7,0.8628319161355202,gillnet,11,0.20270487416668018,Prince Rupert District,0.9162907318741551
1993,5,0.7142857142857143,PRD,7,0.9174762902643149,gillnet,9,0.4600782401438362,Prince Rupert District,0.9162907318741551
1994,4,0.5714285714285714,PRD,7,0.9734966503127389,gillnet,10,0.80171983905321,Prince Rupert District,0.28768207245178085
1995,4,0.5714285714285714,PRD,7,0.987388470550769,gillnet,10,0.7135944991363397,Prince Rupert District,0.28768207245178085
1996,4,0.5714285714285714,PRD,7,0.9499238915473112,gillnet,6,0.25099472803070044,Prince Rupert District,0.28768207245178085
1997,4,0.5714285714285714,PRD,7,0.8032846737280235,gillnet,7,0.2452642102601545,Prince Rupert District,0.28768207245178085
1998,4,0.5714285714285714,PRD,7,0.9635043429697191,gillnet,12,0.44678298065144456,Prince Rupert District,0.28768207245178085
1999,4,0.5714285714285714,PRD,7,0.8911505018578448,gillnet,8,0.5240321180307247,Prince Rupert District,0.28768207245178085
2000,4,0.5714285714285714,PRD,7,0.9779927307155456,gillnet,9,0.5752869888794941,Prince Rupert District,0.28768207245178085
2001,4,0.5714285714285714,PRD,7,0.9403868819815533,gillnet,12,0.36202322469251763,Prince Rupert District,0.28768207245178085
2002,6,0.8571428571428571,PRD,7,0.9275163073419659,gillnet,10,0.41740377705839005,Prince Rupert District,1.7917594692280545
2003,4,0.5714285714285714,PRD,7,0.9517551496508301,gillnet,11,0.2647494296931159,Prince Rupert District,0.28768207245178085
2004,4,0.5714285714285714,PRD,7,0.7798366166115601,gillnet,13,0.27457895709433516,Prince Rupert District,0.28768207245178085
2005,4,0.5714285714285714,PRD,7,0.991831857477226,gillnet,10,0.5863166321347314,Prince Rupert District,0.28768207245178085
2006,3,0.42857142857142855,PRD,7,0.9719995613997146,gillnet,7,0.3743793390865873,Prince Rupert District,-0.2876820724517809
2007,3,0.42857142857142855,PRD,7,0.9578305745832104,gillnet,16,0.26008935932599064,Prince Rupert District,-0.2876820724517809
2008,4,0.5714285714285714,PRD,7,0.8938283352370284,gillnet,16,0.2264065044285362,Prince Rupert District,0.28768207245178085
2009,4,0.5714285714285714,PRD,7,0.9767230973581035,gillnet,12,0.5503558589701727,Prince Rupert District,0.28768207245178085
2010,4,0.5714285714285714,PRD,7,0.9785672361015041,gillnet,12,0.41146465556271067,Prince Rupert District,0.28768207245178085
2011,4,0.5714285714285714,PRD,7,0.9577029957375202,gillnet,18,0.3201595058301994,Prince Rupert District,0.28768207245178085
2012,4,0.5714285714285714,PRD,7,0.9641695060304849,gillnet,13,0.4665878313263913,Prince Rupert District,0.28768207245178085
2013,4,0.5714285714285714,PRD,7,0.9305178848579633,gillnet,12,0.3862205095889588,Prince Rupert District,0.28768207245178085
2014,4,0.5714285714285714,PRD,7,0.9435130291767587,gillnet,15,0.33687817558785305,Prince Rupert District,0.28768207245178085
2015,3,0.42857142857142855,PRD,7,0.9730501004077307,gillnet,18,0.4317627250507807,Prince Rupert District,-0.2876820724517809
2016,3,0.42857142857142855,PRD,7,0.7699238471483544,gillnet,17,0.2996289240304358,Prince Rupert District,-0.2876820724517809
2017,3,0.42857142857142855,PRD,7,0.9612802070090303,gillnet,18,0.6057126898610817,Prince Rupert District,-0.2876820724517809
2018,4,0.5714285714285714,PRD,7,0.9461547163259795,gillnet,11,0.4837938355170165,Prince Rupert District,0.28768207245178085
2019,4,0.5714285714285714,PRD,7,NA,NA,NA,NA,Prince Rupert District,0.28768207245178085
2020,5,0.7142857142857143,PRD,7,NA,NA,NA,NA,Prince Rupert District,0.9162907318741551
2021,4,0.5714285714285714,PRD,7,NA,NA,NA,NA,Prince Rupert District,0.28768207245178085
2022,5,0.7142857142857143,PRD,7,NA,NA,NA,NA,Prince Rupert District,0.9162907318741551
2023,4,0.5714285714285714,PRD,7,0.9755301793285093,gillnet,9,0.3311496489412237,Prince Rupert District,0.28768207245178085
2024,5,0.7142857142857143,PRD,7,NA,NA,NA,NA,Prince Rupert District,0.9162907318741551
1951,11,0.6111111111111112,CC,18,0.17983827578047354,reduction,25,NA,Central Coast,0.4519851237430575
1952,8,0.4444444444444444,CC,18,0.44400296051662186,reduction,55,NA,Central Coast,-0.22314355131420985
1953,6,0.3333333333333333,CC,18,0.2718131060320307,reduction,47,NA,Central Coast,-0.6931471805599454
1954,9,0.5,CC,18,0.06406379552023046,reduction,28,NA,Central Coast,0
1955,12,0.6666666666666666,CC,18,0.4052292961527617,reduction,46,NA,Central Coast,0.6931471805599452
1956,10,0.5555555555555556,CC,18,0.49745993669138777,reduction,55,NA,Central Coast,0.22314355131420993
1957,7,0.3888888888888889,CC,18,0.17463931996490065,reduction,130,NA,Central Coast,-0.45198512374305727
1958,8,0.4444444444444444,CC,18,0.06439724312597087,reduction,66,NA,Central Coast,-0.22314355131420985
1959,11,0.6111111111111112,CC,18,0.10082074058907818,reduction,74,NA,Central Coast,0.4519851237430575
1960,9,0.5,CC,18,0.048946720590821176,reduction,11,NA,Central Coast,0
1961,9,0.5,CC,18,0.45580969825854406,reduction,49,NA,Central Coast,0
1962,8,0.4444444444444444,CC,18,0.21950389440657933,reduction,11,NA,Central Coast,-0.22314355131420985
1963,10,0.5555555555555556,CC,18,0.09770617140442188,reduction,25,NA,Central Coast,0.22314355131420993
1964,6,0.3333333333333333,CC,18,0.1559963559892042,reduction,17,NA,Central Coast,-0.6931471805599454
1965,9,0.5,CC,18,0.22628388073475683,reduction,34,NA,Central Coast,0
1966,7,0.3888888888888889,CC,18,NA,NA,NA,NA,Central Coast,-0.45198512374305727
1967,9,0.5,CC,18,NA,NA,NA,NA,Central Coast,0
1968,9,0.5,CC,18,NA,NA,NA,NA,Central Coast,0
1969,10,0.5555555555555556,CC,18,NA,NA,NA,NA,Central Coast,0.22314355131420993
1970,12,0.6666666666666666,CC,18,NA,NA,NA,NA,Central Coast,0.6931471805599452
1971,11,0.6111111111111112,CC,18,NA,NA,NA,NA,Central Coast,0.4519851237430575
1972,11,0.6111111111111112,CC,18,0.8313172043010753,gillnet,4,NA,Central Coast,0.4519851237430575
1973,12,0.6666666666666666,CC,18,0.742786453312769,gillnet,3,NA,Central Coast,0.6931471805599452
1974,12,0.6666666666666666,CC,18,0.7613216342946839,gillnet,9,NA,Central Coast,0.6931471805599452
1975,13,0.7222222222222222,CC,18,0.7084559314458634,gillnet,12,0.4125550634549361,Central Coast,0.9555114450274362
1976,12,0.6666666666666666,CC,18,0.8015927468281886,gillnet,17,0.4713647248640544,Central Coast,0.6931471805599452
1977,12,0.6666666666666666,CC,18,0.8551994651939834,gillnet,7,NA,Central Coast,0.6931471805599452
1978,10,0.5555555555555556,CC,18,0.8918075687011356,gillnet,15,NA,Central Coast,0.22314355131420993
1979,10,0.5555555555555556,CC,18,NA,NA,NA,NA,Central Coast,0.22314355131420993
1980,9,0.5,CC,18,0.9418061599913785,gillnet,6,0.18164793636024865,Central Coast,0
1981,10,0.5555555555555556,CC,18,0.4805375861061793,gillnet,24,0.19381414949193856,Central Coast,0.22314355131420993
1982,8,0.4444444444444444,CC,18,0.9214823822489104,gillnet,21,0.7033801891552746,Central Coast,-0.22314355131420985
1983,10,0.5555555555555556,CC,18,0.9247693739590065,gillnet,24,0.7531840976470434,Central Coast,0.22314355131420993
1984,9,0.5,CC,18,0.9691560943500023,gillnet,17,0.740814417144301,Central Coast,0
1985,8,0.4444444444444444,CC,18,0.9137417043533748,gillnet,17,0.4822536638019814,Central Coast,-0.22314355131420985
1986,11,0.6111111111111112,CC,18,0.7469971008831388,gillnet,15,0.36415678892277337,Central Coast,0.4519851237430575
1987,10,0.5555555555555556,CC,18,0.9140074124384729,gillnet,12,0.5173637896548847,Central Coast,0.22314355131420993
1988,9,0.5,CC,18,0.8569463444103522,gillnet,9,0.18544300892288657,Central Coast,0
1989,11,0.6111111111111112,CC,18,0.729503329762553,gillnet,11,0.19103096047501839,Central Coast,0.4519851237430575
1990,12,0.6666666666666666,CC,18,0.9866623848801992,gillnet,12,0.8681379034647619,Central Coast,0.6931471805599452
1991,11,0.6111111111111112,CC,18,0.9668850502850058,gillnet,9,0.7105186368405001,Central Coast,0.4519851237430575
1992,13,0.7222222222222222,CC,18,0.8595420672492062,gillnet,10,0.28121548519158135,Central Coast,0.9555114450274362
1993,13,0.7222222222222222,CC,18,0.5589327587295762,gillnet,10,0.2543290361327027,Central Coast,0.9555114450274362
1994,10,0.5555555555555556,CC,18,0.9363474721555543,gillnet,23,0.667856225445938,Central Coast,0.22314355131420993
1995,7,0.3888888888888889,CC,18,0.9076846599905841,gillnet,16,0.6584233953766685,Central Coast,-0.45198512374305727
1996,8,0.4444444444444444,CC,18,0.98361652353249,gillnet,7,0.5971555603157427,Central Coast,-0.22314355131420985
1997,9,0.5,CC,18,0.9577738213466375,gillnet,6,0.23961748244395467,Central Coast,0
1998,11,0.6111111111111112,CC,18,0.8459283495402071,gillnet,13,0.18561295390292226,Central Coast,0.4519851237430575
1999,9,0.5,CC,18,0.8614772147912949,gillnet,12,0.44906250165527994,Central Coast,0
2000,7,0.3888888888888889,CC,18,0.974988679433353,gillnet,8,0.683494881183592,Central Coast,-0.45198512374305727
2001,7,0.3888888888888889,CC,18,0.9505042924269476,gillnet,10,0.6049852607354428,Central Coast,-0.45198512374305727
2002,10,0.5555555555555556,CC,18,0.9327265331132016,gillnet,6,0.48112745972752424,Central Coast,0.22314355131420993
2003,8,0.4444444444444444,CC,18,0.9612627966887223,gillnet,12,0.23548563530555663,Central Coast,-0.22314355131420985
2004,9,0.5,CC,18,NA,NA,NA,NA,Central Coast,0
2005,8,0.4444444444444444,CC,18,NA,NA,NA,NA,Central Coast,-0.22314355131420985
2006,7,0.3888888888888889,CC,18,NA,NA,NA,NA,Central Coast,-0.45198512374305727
2007,5,0.2777777777777778,CC,18,NA,NA,NA,NA,Central Coast,-0.9555114450274363
2008,7,0.3888888888888889,CC,18,NA,NA,NA,NA,Central Coast,-0.45198512374305727
2009,8,0.4444444444444444,CC,18,NA,NA,NA,NA,Central Coast,-0.22314355131420985
2010,9,0.5,CC,18,NA,NA,NA,NA,Central Coast,0
2011,10,0.5555555555555556,CC,18,NA,NA,NA,NA,Central Coast,0.22314355131420993
2012,8,0.4444444444444444,CC,18,NA,NA,NA,NA,Central Coast,-0.22314355131420985
2013,8,0.4444444444444444,CC,18,NA,NA,NA,NA,Central Coast,-0.22314355131420985
2014,8,0.4444444444444444,CC,18,0.6697626998876108,gillnet,13,0.22596879007394402,Central Coast,-0.22314355131420985
2015,9,0.5,CC,18,NA,NA,NA,NA,Central Coast,0
2016,9,0.5,CC,18,NA,NA,NA,NA,Central Coast,0
2017,9,0.5,CC,18,NA,NA,NA,NA,Central Coast,0
2018,8,0.4444444444444444,CC,18,NA,NA,NA,NA,Central Coast,-0.22314355131420985
2019,8,0.4444444444444444,CC,18,NA,NA,NA,NA,Central Coast,-0.22314355131420985
2020,7,0.3888888888888889,CC,18,NA,NA,NA,NA,Central Coast,-0.45198512374305727
2021,8,0.4444444444444444,CC,18,NA,NA,NA,NA,Central Coast,-0.22314355131420985
2022,9,0.5,CC,18,NA,NA,NA,NA,Central Coast,0
2023,9,0.5,CC,18,NA,NA,NA,NA,Central Coast,0
2024,7,0.3888888888888889,CC,18,NA,NA,NA,NA,Central Coast,-0.45198512374305727
1951,13,0.6842105263157895,SoG,19,0.08321116122056238,reduction,93,NA,Strait of Georgia,0.7731898882334819
1952,12,0.631578947368421,SoG,19,0.04976119118976262,reduction,13,NA,Strait of Georgia,0.5389965007326868
1953,9,0.47368421052631576,SoG,19,0.1369264314793409,reduction,192,NA,Strait of Georgia,-0.10536051565782652
1954,11,0.5789473684210527,SoG,19,0.07817079210294549,reduction,48,NA,Strait of Georgia,0.31845373111853476
1955,14,0.7368421052631579,SoG,19,0.13286632695013714,reduction,54,NA,Strait of Georgia,1.0296194171811581
1956,11,0.5789473684210527,SoG,19,0.2907731945045448,reduction,175,NA,Strait of Georgia,0.31845373111853476
1957,11,0.5789473684210527,SoG,19,0.129913878065391,reduction,102,NA,Strait of Georgia,0.31845373111853476
1958,12,0.631578947368421,SoG,19,0.07011057708739057,reduction,246,NA,Strait of Georgia,0.5389965007326868
1959,17,0.8947368421052632,SoG,19,0.044393268300614346,reduction,79,NA,Strait of Georgia,2.1400661634962708
1960,15,0.7894736842105263,SoG,19,0.09937753660411641,reduction,51,NA,Strait of Georgia,1.3217558399823195
1961,14,0.7368421052631579,SoG,19,0.17232312658645127,reduction,100,NA,Strait of Georgia,1.0296194171811581
1962,15,0.7894736842105263,SoG,19,0.04927246583257032,reduction,47,NA,Strait of Georgia,1.3217558399823195
1963,16,0.8421052631578947,SoG,19,0.04449318381361953,reduction,94,NA,Strait of Georgia,1.6739764335716711
1964,16,0.8421052631578947,SoG,19,0.046958490270260375,reduction,68,NA,Strait of Georgia,1.6739764335716711
1965,13,0.6842105263157895,SoG,19,0.1505178069801917,reduction,26,NA,Strait of Georgia,0.7731898882334819
1966,14,0.7368421052631579,SoG,19,NA,NA,NA,NA,Strait of Georgia,1.0296194171811581
1967,15,0.7894736842105263,SoG,19,NA,NA,NA,NA,Strait of Georgia,1.3217558399823195
1968,15,0.7894736842105263,SoG,19,NA,NA,NA,NA,Strait of Georgia,1.3217558399823195
1969,14,0.7368421052631579,SoG,19,NA,NA,NA,NA,Strait of Georgia,1.0296194171811581
1970,15,0.7894736842105263,SoG,19,NA,NA,NA,NA,Strait of Georgia,1.3217558399823195
1971,15,0.7894736842105263,SoG,19,NA,NA,NA,NA,Strait of Georgia,1.3217558399823195
1972,15,0.7894736842105263,SoG,19,0.38916866731155914,gillnet,19,NA,Strait of Georgia,1.3217558399823195
1973,8,0.42105263157894735,SoG,19,0.5409177305252887,gillnet,4,NA,Strait of Georgia,-0.31845373111853476
1974,13,0.6842105263157895,SoG,19,0.53211191888626,gillnet,17,NA,Strait of Georgia,0.7731898882334819
1975,12,0.631578947368421,SoG,19,0.49038493949506184,gillnet,3,0.15024788416984886,Strait of Georgia,0.5389965007326868
1976,12,0.631578947368421,SoG,19,0.6045537871126417,gillnet,13,NA,Strait of Georgia,0.5389965007326868
1977,13,0.6842105263157895,SoG,19,0.7004469369271931,gillnet,23,0.2621414459845498,Strait of Georgia,0.7731898882334819
1978,10,0.5263157894736842,SoG,19,0.7948669375164756,gillnet,8,0.2021637445736577,Strait of Georgia,0.10536051565782614
1979,9,0.47368421052631576,SoG,19,0.7622565681895778,gillnet,11,0.4464561832472743,Strait of Georgia,-0.10536051565782652
1980,11,0.5789473684210527,SoG,19,0.8957295567971281,gillnet,16,0.3310470892784382,Strait of Georgia,0.31845373111853476
1981,9,0.47368421052631576,SoG,19,0.799961569206422,gillnet,19,0.22233338031785965,Strait of Georgia,-0.10536051565782652
1982,10,0.5263157894736842,SoG,19,0.801639712608436,gillnet,15,0.3357785788943555,Strait of Georgia,0.10536051565782614
1983,9,0.47368421052631576,SoG,19,0.7124475271127119,gillnet,6,0.3434707300193384,Strait of Georgia,-0.10536051565782652
1984,6,0.3157894736842105,SoG,19,0.6243376951245274,gillnet,11,0.22630606656093855,Strait of Georgia,-0.7731898882334818
1985,6,0.3157894736842105,SoG,19,0.7088450286914482,gillnet,14,0.1118144560772437,Strait of Georgia,-0.7731898882334818
1986,7,0.3684210526315789,SoG,19,NA,NA,NA,NA,Strait of Georgia,-0.5389965007326869
1987,9,0.47368421052631576,SoG,19,0.6188511042285456,gillnet,24,0.19676517202368993,Strait of Georgia,-0.10536051565782652
1988,4,0.21052631578947367,SoG,19,0.760780044463487,gillnet,11,0.18024809027577915,Strait of Georgia,-1.3217558399823195
1989,7,0.3684210526315789,SoG,19,0.5829585350766305,gillnet,11,0.1685307245672018,Strait of Georgia,-0.5389965007326869
1990,5,0.2631578947368421,SoG,19,0.7995051560784311,gillnet,19,0.2335692770066833,Strait of Georgia,-1.0296194171811583
1991,5,0.2631578947368421,SoG,19,0.7057213154871856,gillnet,15,0.2609477840376338,Strait of Georgia,-1.0296194171811583
1992,9,0.47368421052631576,SoG,19,0.7894425446936404,gillnet,15,0.254349843691455,Strait of Georgia,-0.10536051565782652
1993,8,0.42105263157894735,SoG,19,0.48706806885089354,gillnet,12,0.14871634901292458,Strait of Georgia,-0.31845373111853476
1994,5,0.2631578947368421,SoG,19,0.714001208806495,gillnet,15,0.25269265542571673,Strait of Georgia,-1.0296194171811583
1995,5,0.2631578947368421,SoG,19,0.7143512663673104,gillnet,11,0.3065096015400257,Strait of Georgia,-1.0296194171811583
1996,6,0.3157894736842105,SoG,19,0.8064296832021961,gillnet,7,0.2328854731644304,Strait of Georgia,-0.7731898882334818
1997,5,0.2631578947368421,SoG,19,0.7735604379770489,gillnet,8,0.15751740323810692,Strait of Georgia,-1.0296194171811583
1998,5,0.2631578947368421,SoG,19,0.6493988449599014,gillnet,16,0.1692134458878546,Strait of Georgia,-1.0296194171811583
1999,6,0.3157894736842105,SoG,19,0.6861601782210976,gillnet,11,0.24281758176845186,Strait of Georgia,-0.7731898882334818
2000,11,0.5789473684210527,SoG,19,0.8420192328398418,gillnet,13,0.31287669139144586,Strait of Georgia,0.31845373111853476
2001,8,0.42105263157894735,SoG,19,0.7867463785927342,gillnet,12,0.19221138086389108,Strait of Georgia,-0.31845373111853476
2002,7,0.3684210526315789,SoG,19,0.7279463681008068,gillnet,11,0.14256280935162213,Strait of Georgia,-0.5389965007326869
2003,5,0.2631578947368421,SoG,19,0.761039525524953,gillnet,19,0.15791302580962205,Strait of Georgia,-1.0296194171811583
2004,8,0.42105263157894735,SoG,19,0.744969212513859,gillnet,16,0.2422712442517746,Strait of Georgia,-0.31845373111853476
2005,9,0.47368421052631576,SoG,19,0.8737483072816936,gillnet,11,0.30947860078699946,Strait of Georgia,-0.10536051565782652
2006,3,0.15789473684210525,SoG,19,0.8744254978166627,gillnet,15,0.22598720913674028,Strait of Georgia,-1.6739764335716716
2007,6,0.3157894736842105,SoG,19,0.8183237396740682,gillnet,44,0.19537647326463853,Strait of Georgia,-0.7731898882334818
2008,7,0.3684210526315789,SoG,19,0.5383800139440027,gillnet,27,0.17525258945294975,Strait of Georgia,-0.5389965007326869
2009,6,0.3157894736842105,SoG,19,0.8809148213457965,gillnet,12,0.20718811083812347,Strait of Georgia,-0.7731898882334818
2010,5,0.2631578947368421,SoG,19,0.7485246132652781,gillnet,13,0.0909367180082717,Strait of Georgia,-1.0296194171811583
2011,5,0.2631578947368421,SoG,19,0.9054824829860121,gillnet,28,0.223566483280728,Strait of Georgia,-1.0296194171811583
2012,7,0.3684210526315789,SoG,19,0.28831819078459286,gillnet,32,0.12854455857474217,Strait of Georgia,-0.5389965007326869
2013,6,0.3157894736842105,SoG,19,0.7514604697470231,gillnet,20,0.2971345618496472,Strait of Georgia,-0.7731898882334818
2014,7,0.3684210526315789,SoG,19,0.9172329569777556,gillnet,23,0.2773342086338892,Strait of Georgia,-0.5389965007326869
2015,7,0.3684210526315789,SoG,19,0.7591180928383003,gillnet,36,0.15970335833985233,Strait of Georgia,-0.5389965007326869
2016,6,0.3157894736842105,SoG,19,0.6396401154617007,gillnet,41,0.20031273368109373,Strait of Georgia,-0.7731898882334818
2017,4,0.21052631578947367,SoG,19,0.7473090992175648,gillnet,45,0.34303431925882993,Strait of Georgia,-1.3217558399823195
2018,5,0.2631578947368421,SoG,19,0.7700649290500965,gillnet,42,0.2360440529882085,Strait of Georgia,-1.0296194171811583
2019,5,0.2631578947368421,SoG,19,0.6454940931202814,gillnet,42,0.13157285951611428,Strait of Georgia,-1.0296194171811583
2020,9,0.47368421052631576,SoG,19,0.6038020212992554,gillnet,54,0.09101386662591102,Strait of Georgia,-0.10536051565782652
2021,6,0.3157894736842105,SoG,19,0.5450240543027578,gillnet,51,0.15368370328854708,Strait of Georgia,-0.7731898882334818
2022,7,0.3684210526315789,SoG,19,0.7302736425337025,gillnet,30,0.20480777535951675,Strait of Georgia,-0.5389965007326869
2023,6,0.3157894736842105,SoG,19,0.8569902855518632,gillnet,29,0.24594739018774958,Strait of Georgia,-0.7731898882334818
2024,6,0.3157894736842105,SoG,19,0.6974301931501551,gillnet,27,0.1693927407781833,Strait of Georgia,-0.7731898882334818
1951,9,0.8181818181818182,WCVI,11,0.09765146822917976,reduction,32,NA,West Coast Vancouver Island,1.5040773967762744
1952,9,0.8181818181818182,WCVI,11,0.5220233752743283,reduction,44,NA,West Coast Vancouver Island,1.5040773967762744
1953,9,0.8181818181818182,WCVI,11,0.04750801271919771,reduction,78,NA,West Coast Vancouver Island,1.5040773967762744
1954,9,0.8181818181818182,WCVI,11,0.046122129311581876,reduction,50,NA,West Coast Vancouver Island,1.5040773967762744
1955,9,0.8181818181818182,WCVI,11,0.04004488443030056,reduction,47,NA,West Coast Vancouver Island,1.5040773967762744
1956,10,0.9090909090909091,WCVI,11,0.10452868835901509,reduction,22,NA,West Coast Vancouver Island,2.3025850929940455
1957,8,0.7272727272727273,WCVI,11,NA,NA,NA,NA,West Coast Vancouver Island,0.9808292530117263
1958,9,0.8181818181818182,WCVI,11,0.15538199254916926,reduction,86,NA,West Coast Vancouver Island,1.5040773967762744
1959,10,0.9090909090909091,WCVI,11,0.20509620574373164,reduction,76,NA,West Coast Vancouver Island,2.3025850929940455
1960,10,0.9090909090909091,WCVI,11,0.03453703703703704,reduction,9,NA,West Coast Vancouver Island,2.3025850929940455
1961,9,0.8181818181818182,WCVI,11,0.05267435669920142,reduction,5,NA,West Coast Vancouver Island,1.5040773967762744
1962,10,0.9090909090909091,WCVI,11,0.033113750490982634,reduction,32,NA,West Coast Vancouver Island,2.3025850929940455
1963,7,0.6363636363636364,WCVI,11,0.06520477931710068,reduction,50,NA,West Coast Vancouver Island,0.5596157879354227
1964,8,0.7272727272727273,WCVI,11,0.11609393634681842,reduction,22,NA,West Coast Vancouver Island,0.9808292530117263
1965,9,0.8181818181818182,WCVI,11,0.17550107583222285,reduction,19,NA,West Coast Vancouver Island,1.5040773967762744
1966,9,0.8181818181818182,WCVI,11,NA,NA,NA,NA,West Coast Vancouver Island,1.5040773967762744
1967,8,0.7272727272727273,WCVI,11,NA,NA,NA,NA,West Coast Vancouver Island,0.9808292530117263
1968,9,0.8181818181818182,WCVI,11,NA,NA,NA,NA,West Coast Vancouver Island,1.5040773967762744
1969,8,0.7272727272727273,WCVI,11,NA,NA,NA,NA,West Coast Vancouver Island,0.9808292530117263
1970,8,0.7272727272727273,WCVI,11,NA,NA,NA,NA,West Coast Vancouver Island,0.9808292530117263
1971,9,0.8181818181818182,WCVI,11,NA,NA,NA,NA,West Coast Vancouver Island,1.5040773967762744
1972,8,0.7272727272727273,WCVI,11,NA,NA,NA,NA,West Coast Vancouver Island,0.9808292530117263
1973,9,0.8181818181818182,WCVI,11,0.703282436341907,gillnet,10,NA,West Coast Vancouver Island,1.5040773967762744
1974,5,0.45454545454545453,WCVI,11,0.3664095371669004,gillnet,2,NA,West Coast Vancouver Island,-0.1823215567939546
1975,8,0.7272727272727273,WCVI,11,0.6482205513784461,gillnet,5,0.3030002549141659,West Coast Vancouver Island,0.9808292530117263
1976,8,0.7272727272727273,WCVI,11,0.6144873276626549,gillnet,19,0.514137532526633,West Coast Vancouver Island,0.9808292530117263
1977,9,0.8181818181818182,WCVI,11,0.7914732571794598,gillnet,5,0.5345006277507616,West Coast Vancouver Island,1.5040773967762744
1978,7,0.6363636363636364,WCVI,11,0.9455125558754999,gillnet,8,0.4043299533132682,West Coast Vancouver Island,0.5596157879354227
1979,7,0.6363636363636364,WCVI,11,0.7312070848541437,gillnet,10,0.4212172347528967,West Coast Vancouver Island,0.5596157879354227
1980,5,0.45454545454545453,WCVI,11,0.9468353496437479,gillnet,8,0.3327958365151973,West Coast Vancouver Island,-0.1823215567939546
1981,8,0.7272727272727273,WCVI,11,0.7734960005377428,gillnet,5,0.3006861486265774,West Coast Vancouver Island,0.9808292530117263
1982,4,0.36363636363636365,WCVI,11,0.8729763793958745,gillnet,15,0.43489236592055175,West Coast Vancouver Island,-0.5596157879354225
1983,5,0.45454545454545453,WCVI,11,0.8595079441295257,gillnet,7,0.5051276896253044,West Coast Vancouver Island,-0.1823215567939546
1984,5,0.45454545454545453,WCVI,11,0.9195321354137884,gillnet,8,0.24133392617337898,West Coast Vancouver Island,-0.1823215567939546
1985,8,0.7272727272727273,WCVI,11,NA,NA,NA,NA,West Coast Vancouver Island,0.9808292530117263
1986,4,0.36363636363636365,WCVI,11,NA,NA,NA,NA,West Coast Vancouver Island,-0.5596157879354225
1987,7,0.6363636363636364,WCVI,11,0.7438923837886767,gillnet,8,0.341861176806625,West Coast Vancouver Island,0.5596157879354227
1988,7,0.6363636363636364,WCVI,11,0.8791756768361663,gillnet,8,0.28844460661066285,West Coast Vancouver Island,0.5596157879354227
1989,5,0.45454545454545453,WCVI,11,0.45673775741722245,gillnet,6,0.20255524040112405,West Coast Vancouver Island,-0.1823215567939546
1990,5,0.45454545454545453,WCVI,11,0.9048126203298616,gillnet,6,0.5947609368446077,West Coast Vancouver Island,-0.1823215567939546
1991,5,0.45454545454545453,WCVI,11,0.925703193520095,gillnet,5,0.5183723003445949,West Coast Vancouver Island,-0.1823215567939546
1992,5,0.45454545454545453,WCVI,11,0.8040062288279146,gillnet,7,0.3931316609982965,West Coast Vancouver Island,-0.1823215567939546
1993,7,0.6363636363636364,WCVI,11,NA,NA,NA,NA,West Coast Vancouver Island,0.5596157879354227
1994,7,0.6363636363636364,WCVI,11,0.6270154196050464,gillnet,8,0.49128214135000065,West Coast Vancouver Island,0.5596157879354227
1995,5,0.45454545454545453,WCVI,11,NA,NA,NA,NA,West Coast Vancouver Island,-0.1823215567939546
1996,6,0.5454545454545454,WCVI,11,NA,NA,NA,NA,West Coast Vancouver Island,0.1823215567939544
1997,6,0.5454545454545454,WCVI,11,NA,NA,NA,NA,West Coast Vancouver Island,0.1823215567939544
1998,5,0.45454545454545453,WCVI,11,0.6169070326871265,gillnet,12,0.1569677796187721,West Coast Vancouver Island,-0.1823215567939546
1999,7,0.6363636363636364,WCVI,11,0.8754070835266372,gillnet,11,0.4821207656524794,West Coast Vancouver Island,0.5596157879354227
2000,5,0.45454545454545453,WCVI,11,0.9136770430334695,gillnet,8,0.5215933591106083,West Coast Vancouver Island,-0.1823215567939546
2001,5,0.45454545454545453,WCVI,11,NA,NA,NA,NA,West Coast Vancouver Island,-0.1823215567939546
2002,3,0.2727272727272727,WCVI,11,0.895749433636327,gillnet,7,0.15820686831771785,West Coast Vancouver Island,-0.9808292530117264
2003,4,0.36363636363636365,WCVI,11,0.8515234937467969,gillnet,11,0.1696167073017215,West Coast Vancouver Island,-0.5596157879354225
2004,4,0.36363636363636365,WCVI,11,0.7078875014259643,gillnet,9,0.23460818613783763,West Coast Vancouver Island,-0.5596157879354225
2005,5,0.45454545454545453,WCVI,11,0.9108677308006184,gillnet,10,0.22684260621394314,West Coast Vancouver Island,-0.1823215567939546
2006,4,0.36363636363636365,WCVI,11,NA,NA,NA,NA,West Coast Vancouver Island,-0.5596157879354225
2007,2,0.18181818181818182,WCVI,11,NA,NA,NA,NA,West Coast Vancouver Island,-1.504077396776274
2008,3,0.2727272727272727,WCVI,11,NA,NA,NA,NA,West Coast Vancouver Island,-0.9808292530117264
2009,5,0.45454545454545453,WCVI,11,NA,NA,NA,NA,West Coast Vancouver Island,-0.1823215567939546
2010,6,0.5454545454545454,WCVI,11,NA,NA,NA,NA,West Coast Vancouver Island,0.1823215567939544
2011,5,0.45454545454545453,WCVI,11,NA,NA,NA,NA,West Coast Vancouver Island,-0.1823215567939546
2012,4,0.36363636363636365,WCVI,11,NA,NA,NA,NA,West Coast Vancouver Island,-0.5596157879354225
2013,5,0.45454545454545453,WCVI,11,NA,NA,NA,NA,West Coast Vancouver Island,-0.1823215567939546
2014,5,0.45454545454545453,WCVI,11,NA,NA,NA,NA,West Coast Vancouver Island,-0.1823215567939546
2015,7,0.6363636363636364,WCVI,11,NA,NA,NA,NA,West Coast Vancouver Island,0.5596157879354227
2016,5,0.45454545454545453,WCVI,11,NA,NA,NA,NA,West Coast Vancouver Island,-0.1823215567939546
2017,4,0.36363636363636365,WCVI,11,NA,NA,NA,NA,West Coast Vancouver Island,-0.5596157879354225
2018,5,0.45454545454545453,WCVI,11,NA,NA,NA,NA,West Coast Vancouver Island,-0.1823215567939546
2019,5,0.45454545454545453,WCVI,11,NA,NA,NA,NA,West Coast Vancouver Island,-0.1823215567939546
2020,5,0.45454545454545453,WCVI,11,NA,NA,NA,NA,West Coast Vancouver Island,-0.1823215567939546
2021,7,0.6363636363636364,WCVI,11,NA,NA,NA,NA,West Coast Vancouver Island,0.5596157879354227
2022,6,0.5454545454545454,WCVI,11,NA,NA,NA,NA,West Coast Vancouver Island,0.1823215567939544
2023,5,0.45454545454545453,WCVI,11,NA,NA,NA,NA,West Coast Vancouver Island,-0.1823215567939546
2024,6,0.5454545454545454,WCVI,11,NA,NA,NA,NA,West Coast Vancouver Island,0.1823215567939544
1951,2,0.6666666666666666,A27,3,NA,NA,NA,NA,Area 27,0.6931471805599452
1952,1,0.3333333333333333,A27,3,NA,NA,NA,NA,Area 27,-0.6931471805599454
1953,3,1,A27,3,NA,NA,NA,NA,Area 27,6.906754778648553
1954,3,1,A27,3,0.09370301594526743,reduction,19,NA,Area 27,6.906754778648553
1955,2,0.6666666666666666,A27,3,NA,NA,NA,NA,Area 27,0.6931471805599452
1956,1,0.3333333333333333,A27,3,NA,NA,NA,NA,Area 27,-0.6931471805599454
1957,1,0.3333333333333333,A27,3,NA,NA,NA,NA,Area 27,-0.6931471805599454
1958,1,0.3333333333333333,A27,3,NA,NA,NA,NA,Area 27,-0.6931471805599454
1959,1,0.3333333333333333,A27,3,NA,NA,NA,NA,Area 27,-0.6931471805599454
1960,2,0.6666666666666666,A27,3,NA,NA,NA,NA,Area 27,0.6931471805599452
1961,2,0.6666666666666666,A27,3,NA,NA,NA,NA,Area 27,0.6931471805599452
1962,2,0.6666666666666666,A27,3,NA,NA,NA,NA,Area 27,0.6931471805599452
1963,2,0.6666666666666666,A27,3,NA,NA,NA,NA,Area 27,0.6931471805599452
1964,0,0,A27,3,0.23513753327417924,reduction,2,NA,Area 27,-6.906754778648554
1965,3,1,A27,3,0.4317892738490745,reduction,3,NA,Area 27,6.906754778648553
1966,2,0.6666666666666666,A27,3,NA,NA,NA,NA,Area 27,0.6931471805599452
1967,2,0.6666666666666666,A27,3,NA,NA,NA,NA,Area 27,0.6931471805599452
1968,1,0.3333333333333333,A27,3,NA,NA,NA,NA,Area 27,-0.6931471805599454
1969,2,0.6666666666666666,A27,3,NA,NA,NA,NA,Area 27,0.6931471805599452
1970,3,1,A27,3,NA,NA,NA,NA,Area 27,6.906754778648553
1971,2,0.6666666666666666,A27,3,NA,NA,NA,NA,Area 27,0.6931471805599452
1972,2,0.6666666666666666,A27,3,NA,NA,NA,NA,Area 27,0.6931471805599452
1973,3,1,A27,3,NA,NA,NA,NA,Area 27,6.906754778648553
1974,0,0,A27,3,NA,NA,NA,NA,Area 27,-6.906754778648554
1975,1,0.3333333333333333,A27,3,NA,NA,NA,NA,Area 27,-0.6931471805599454
1976,2,0.6666666666666666,A27,3,0.5543496271748136,gillnet,2,NA,Area 27,0.6931471805599452
1977,2,0.6666666666666666,A27,3,NA,NA,NA,NA,Area 27,0.6931471805599452
1978,3,1,A27,3,NA,NA,NA,NA,Area 27,6.906754778648553
1979,2,0.6666666666666666,A27,3,0.4936274509803922,gillnet,2,NA,Area 27,0.6931471805599452
1980,2,0.6666666666666666,A27,3,0.8625,gillnet,2,NA,Area 27,0.6931471805599452
1981,1,0.3333333333333333,A27,3,NA,NA,NA,NA,Area 27,-0.6931471805599454
1982,1,0.3333333333333333,A27,3,0.9277087646652864,gillnet,2,0.5158849078431134,Area 27,-0.6931471805599454
1983,1,0.3333333333333333,A27,3,0.9125,gillnet,1,0.43201581027667985,Area 27,-0.6931471805599454
1984,1,0.3333333333333333,A27,3,0.9601289730663063,gillnet,7,NA,Area 27,-0.6931471805599454
1985,2,0.6666666666666666,A27,3,NA,NA,NA,NA,Area 27,0.6931471805599452
1986,1,0.3333333333333333,A27,3,NA,NA,NA,NA,Area 27,-0.6931471805599454
1987,2,0.6666666666666666,A27,3,NA,NA,NA,NA,Area 27,0.6931471805599452
1988,1,0.3333333333333333,A27,3,NA,NA,NA,NA,Area 27,-0.6931471805599454
1989,2,0.6666666666666666,A27,3,NA,NA,NA,NA,Area 27,0.6931471805599452
1990,2,0.6666666666666666,A27,3,NA,NA,NA,NA,Area 27,0.6931471805599452
1991,2,0.6666666666666666,A27,3,NA,NA,NA,NA,Area 27,0.6931471805599452
1992,2,0.6666666666666666,A27,3,NA,NA,NA,NA,Area 27,0.6931471805599452
1993,2,0.6666666666666666,A27,3,0.4333374722723422,gillnet,7,0.15430538202924937,Area 27,0.6931471805599452
1994,2,0.6666666666666666,A27,3,0.791811491974978,gillnet,6,0.42258960498649056,Area 27,0.6931471805599452
1995,2,0.6666666666666666,A27,3,NA,NA,NA,NA,Area 27,0.6931471805599452
1996,1,0.3333333333333333,A27,3,NA,NA,NA,NA,Area 27,-0.6931471805599454
1997,2,0.6666666666666666,A27,3,NA,NA,NA,NA,Area 27,0.6931471805599452
1998,2,0.6666666666666666,A27,3,NA,NA,NA,NA,Area 27,0.6931471805599452
1999,2,0.6666666666666666,A27,3,NA,NA,NA,NA,Area 27,0.6931471805599452
2000,1,0.3333333333333333,A27,3,NA,NA,NA,NA,Area 27,-0.6931471805599454
2001,1,0.3333333333333333,A27,3,NA,NA,NA,NA,Area 27,-0.6931471805599454
2002,1,0.3333333333333333,A27,3,NA,NA,NA,NA,Area 27,-0.6931471805599454
2003,1,0.3333333333333333,A27,3,NA,NA,NA,NA,Area 27,-0.6931471805599454
2004,1,0.3333333333333333,A27,3,NA,NA,NA,NA,Area 27,-0.6931471805599454
2005,2,0.6666666666666666,A27,3,NA,NA,NA,NA,Area 27,0.6931471805599452
2006,2,0.6666666666666666,A27,3,NA,NA,NA,NA,Area 27,0.6931471805599452
2007,1,0.3333333333333333,A27,3,NA,NA,NA,NA,Area 27,-0.6931471805599454
2008,1,0.3333333333333333,A27,3,NA,NA,NA,NA,Area 27,-0.6931471805599454
2009,1,0.3333333333333333,A27,3,NA,NA,NA,NA,Area 27,-0.6931471805599454
2010,1,0.3333333333333333,A27,3,NA,NA,NA,NA,Area 27,-0.6931471805599454
2011,1,0.3333333333333333,A27,3,NA,NA,NA,NA,Area 27,-0.6931471805599454
2012,1,0.3333333333333333,A27,3,NA,NA,NA,NA,Area 27,-0.6931471805599454
2013,1,0.3333333333333333,A27,3,NA,NA,NA,NA,Area 27,-0.6931471805599454
2014,1,0.3333333333333333,A27,3,NA,NA,NA,NA,Area 27,-0.6931471805599454
2015,1,0.3333333333333333,A27,3,NA,NA,NA,NA,Area 27,-0.6931471805599454
2016,1,0.3333333333333333,A27,3,NA,NA,NA,NA,Area 27,-0.6931471805599454
2017,1,0.3333333333333333,A27,3,NA,NA,NA,NA,Area 27,-0.6931471805599454
2018,1,0.3333333333333333,A27,3,NA,NA,NA,NA,Area 27,-0.6931471805599454
2019,1,0.3333333333333333,A27,3,NA,NA,NA,NA,Area 27,-0.6931471805599454
2020,0,0,A27,3,NA,NA,NA,NA,Area 27,-6.906754778648554
2021,1,0.3333333333333333,A27,3,NA,NA,NA,NA,Area 27,-0.6931471805599454
2022,0,0,A27,3,NA,NA,NA,NA,Area 27,-6.906754778648554
2023,1,0.3333333333333333,A27,3,NA,NA,NA,NA,Area 27,-0.6931471805599454
2024,1,0.3333333333333333,A27,3,NA,NA,NA,NA,Area 27,-0.6931471805599454
1951,0,0,A2W,5,NA,NA,NA,NA,Area 2W,-6.906754778648554
1952,0,0,A2W,5,NA,NA,NA,NA,Area 2W,-6.906754778648554
1953,2,0.4,A2W,5,NA,NA,NA,NA,Area 2W,-0.4054651081081643
1954,0,0,A2W,5,NA,NA,NA,NA,Area 2W,-6.906754778648554
1955,0,0,A2W,5,NA,NA,NA,NA,Area 2W,-6.906754778648554
1956,0,0,A2W,5,NA,NA,NA,NA,Area 2W,-6.906754778648554
1957,1,0.2,A2W,5,0.04878048780487805,reduction,1,NA,Area 2W,-1.3862943611198906
1958,2,0.4,A2W,5,NA,NA,NA,NA,Area 2W,-0.4054651081081643
1959,4,0.8,A2W,5,NA,NA,NA,NA,Area 2W,1.3862943611198908
1960,4,0.8,A2W,5,NA,NA,NA,NA,Area 2W,1.3862943611198908
1961,4,0.8,A2W,5,NA,NA,NA,NA,Area 2W,1.3862943611198908
1962,4,0.8,A2W,5,NA,NA,NA,NA,Area 2W,1.3862943611198908
1963,1,0.2,A2W,5,NA,NA,NA,NA,Area 2W,-1.3862943611198906
1964,5,1,A2W,5,NA,NA,NA,NA,Area 2W,6.906754778648553
1965,3,0.6,A2W,5,0.46,reduction,1,NA,Area 2W,0.4054651081081642
1966,3,0.6,A2W,5,NA,NA,NA,NA,Area 2W,0.4054651081081642
1967,3,0.6,A2W,5,NA,NA,NA,NA,Area 2W,0.4054651081081642
1968,3,0.6,A2W,5,NA,NA,NA,NA,Area 2W,0.4054651081081642
1969,4,0.8,A2W,5,NA,NA,NA,NA,Area 2W,1.3862943611198908
1970,3,0.6,A2W,5,NA,NA,NA,NA,Area 2W,0.4054651081081642
1971,3,0.6,A2W,5,NA,NA,NA,NA,Area 2W,0.4054651081081642
1972,3,0.6,A2W,5,NA,NA,NA,NA,Area 2W,0.4054651081081642
1973,3,0.6,A2W,5,NA,NA,NA,NA,Area 2W,0.4054651081081642
1974,2,0.4,A2W,5,0.3888888888888889,gillnet,2,NA,Area 2W,-0.4054651081081643
1975,4,0.8,A2W,5,NA,NA,NA,NA,Area 2W,1.3862943611198908
1976,3,0.6,A2W,5,NA,NA,NA,NA,Area 2W,0.4054651081081642
1977,4,0.8,A2W,5,NA,NA,NA,NA,Area 2W,1.3862943611198908
1978,3,0.6,A2W,5,NA,NA,NA,NA,Area 2W,0.4054651081081642
1979,5,1,A2W,5,NA,NA,NA,NA,Area 2W,6.906754778648553
1980,4,0.8,A2W,5,NA,NA,NA,NA,Area 2W,1.3862943611198908
1981,5,1,A2W,5,NA,NA,NA,NA,Area 2W,6.906754778648553
1982,4,0.8,A2W,5,NA,NA,NA,NA,Area 2W,1.3862943611198908
1983,5,1,A2W,5,NA,NA,NA,NA,Area 2W,6.906754778648553
1984,4,0.8,A2W,5,NA,NA,NA,NA,Area 2W,1.3862943611198908
1985,4,0.8,A2W,5,NA,NA,NA,NA,Area 2W,1.3862943611198908
1986,3,0.6,A2W,5,NA,NA,NA,NA,Area 2W,0.4054651081081642
1987,2,0.4,A2W,5,NA,NA,NA,NA,Area 2W,-0.4054651081081643
1988,5,1,A2W,5,NA,NA,NA,NA,Area 2W,6.906754778648553
1989,3,0.6,A2W,5,NA,NA,NA,NA,Area 2W,0.4054651081081642
1990,3,0.6,A2W,5,NA,NA,NA,NA,Area 2W,0.4054651081081642
1991,3,0.6,A2W,5,NA,NA,NA,NA,Area 2W,0.4054651081081642
1992,4,0.8,A2W,5,NA,NA,NA,NA,Area 2W,1.3862943611198908
1993,4,0.8,A2W,5,NA,NA,NA,NA,Area 2W,1.3862943611198908
1994,3,0.6,A2W,5,NA,NA,NA,NA,Area 2W,0.4054651081081642
1995,0,0,A2W,5,NA,NA,NA,NA,Area 2W,-6.906754778648554
1996,0,0,A2W,5,NA,NA,NA,NA,Area 2W,-6.906754778648554
1997,0,0,A2W,5,NA,NA,NA,NA,Area 2W,-6.906754778648554
1998,3,0.6,A2W,5,NA,NA,NA,NA,Area 2W,0.4054651081081642
1999,0,0,A2W,5,NA,NA,NA,NA,Area 2W,-6.906754778648554
2000,1,0.2,A2W,5,NA,NA,NA,NA,Area 2W,-1.3862943611198906
2001,2,0.4,A2W,5,NA,NA,NA,NA,Area 2W,-0.4054651081081643
2002,1,0.2,A2W,5,NA,NA,NA,NA,Area 2W,-1.3862943611198906
2003,3,0.6,A2W,5,NA,NA,NA,NA,Area 2W,0.4054651081081642
2004,3,0.6,A2W,5,NA,NA,NA,NA,Area 2W,0.4054651081081642
2005,2,0.4,A2W,5,NA,NA,NA,NA,Area 2W,-0.4054651081081643
2006,4,0.8,A2W,5,NA,NA,NA,NA,Area 2W,1.3862943611198908
2007,4,0.8,A2W,5,NA,NA,NA,NA,Area 2W,1.3862943611198908
2008,4,0.8,A2W,5,NA,NA,NA,NA,Area 2W,1.3862943611198908
2009,4,0.8,A2W,5,NA,NA,NA,NA,Area 2W,1.3862943611198908
2010,4,0.8,A2W,5,NA,NA,NA,NA,Area 2W,1.3862943611198908
2011,2,0.4,A2W,5,NA,NA,NA,NA,Area 2W,-0.4054651081081643
2012,2,0.4,A2W,5,NA,NA,NA,NA,Area 2W,-0.4054651081081643
2013,2,0.4,A2W,5,NA,NA,NA,NA,Area 2W,-0.4054651081081643
2014,1,0.2,A2W,5,NA,NA,NA,NA,Area 2W,-1.3862943611198906
2015,0,0,A2W,5,NA,NA,NA,NA,Area 2W,-6.906754778648554
2016,1,0.2,A2W,5,NA,NA,NA,NA,Area 2W,-1.3862943611198906
2017,0,0,A2W,5,NA,NA,NA,NA,Area 2W,-6.906754778648554
2018,2,0.4,A2W,5,NA,NA,NA,NA,Area 2W,-0.4054651081081643
2019,1,0.2,A2W,5,NA,NA,NA,NA,Area 2W,-1.3862943611198906
2020,1,0.2,A2W,5,NA,NA,NA,NA,Area 2W,-1.3862943611198906
2021,1,0.2,A2W,5,NA,NA,NA,NA,Area 2W,-1.3862943611198906
2022,1,0.2,A2W,5,NA,NA,NA,NA,Area 2W,-1.3862943611198906
2023,1,0.2,A2W,5,NA,NA,NA,NA,Area 2W,-1.3862943611198906
2024,2,0.4,A2W,5,NA,NA,NA,NA,Area 2W,-0.4054651081081643
