region,Year,age,kt
Strait of Georgia,1977,3,32.97
Strait of Georgia,1977,4,15.93
Strait of Georgia,1977,5,14.98
Strait of Georgia,1977,6,5.64
Strait of Georgia,1977,7,3.67
Strait of Georgia,1977,8,2.45
Strait of Georgia,1977,9+,1.25
Strait of Georgia,1978,3,28.48
Strait of Georgia,1978,4,45.45
Strait of Georgia,1978,5,13.42
Strait of Georgia,1978,6,11.21
Strait of Georgia,1978,7,1.78
Strait of Georgia,1978,8,0.44
Strait of Georgia,1978,9+,0.09
Strait of Georgia,1979,3,8.17
Strait of Georgia,1979,4,19.61
Strait of Georgia,1979,5,19.66
Strait of Georgia,1979,6,8.24
Strait of Georgia,1979,7,4.59
Strait of Georgia,1979,8,2.24
Strait of Georgia,1979,9+,1.2
Strait of Georgia,1980,3,31.85
Strait of Georgia,1980,4,13.79
Strait of Georgia,1980,5,19.54
Strait of Georgia,1980,6,13.18
Strait of Georgia,1980,7,3.73
Strait of Georgia,1980,8,1.87
Strait of Georgia,1980,9+,0.63
Strait of Georgia,1981,3,18.18
Strait of Georgia,1981,4,17.59
Strait of Georgia,1981,5,7.39
Strait of Georgia,1981,6,6.98
Strait of Georgia,1981,7,2.86
Strait of Georgia,1981,8,0.63
Strait of Georgia,1981,9+,0.22
Strait of Georgia,1982,3,29.15
Strait of Georgia,1982,4,27.05
Strait of Georgia,1982,5,24.26
Strait of Georgia,1982,6,6.28
Strait of Georgia,1982,7,7.76
Strait of Georgia,1982,8,4.09
Strait of Georgia,1982,9+,1.13
Strait of Georgia,1983,3,18.12
Strait of Georgia,1983,4,18.92
Strait of Georgia,1983,5,13.29
Strait of Georgia,1983,6,8.96
Strait of Georgia,1983,7,2.46
Strait of Georgia,1983,8,2.96
Strait of Georgia,1983,9+,1.59
Strait of Georgia,1984,3,9.12
Strait of Georgia,1984,4,7.65
Strait of Georgia,1984,5,4.43
Strait of Georgia,1984,6,2.78
Strait of Georgia,1984,7,1.27
Strait of Georgia,1984,8,0.44
Strait of Georgia,1984,9+,0.31
Strait of Georgia,1985,3,12.62
Strait of Georgia,1985,4,6.55
Strait of Georgia,1985,5,3.3
Strait of Georgia,1985,6,1.56
Strait of Georgia,1985,7,0.72
Strait of Georgia,1985,8,0.3
Strait of Georgia,1985,9+,0.05
Strait of Georgia,1986,3,23.83
Strait of Georgia,1986,4,11.74
Strait of Georgia,1986,5,3.89
Strait of Georgia,1986,6,1.38
Strait of Georgia,1986,7,0.62
Strait of Georgia,1986,8,0.13
Strait of Georgia,1986,9+,0.07
Strait of Georgia,1987,3,12.8
Strait of Georgia,1987,4,17.42
Strait of Georgia,1987,5,8.15
Strait of Georgia,1987,6,2.29
Strait of Georgia,1987,7,0.77
Strait of Georgia,1987,8,0.27
Strait of Georgia,1987,9+,0.15
Strait of Georgia,1988,3,14.4
Strait of Georgia,1988,4,4.27
Strait of Georgia,1988,5,4.55
Strait of Georgia,1988,6,1.31
Strait of Georgia,1988,7,0.38
Strait of Georgia,1988,8,0.09
Strait of Georgia,1988,9+,0.03
Strait of Georgia,1989,3,11.35
Strait of Georgia,1989,4,38.83
Strait of Georgia,1989,5,7.51
Strait of Georgia,1989,6,6.36
Strait of Georgia,1989,7,1.64
Strait of Georgia,1989,8,0.35
Strait of Georgia,1989,9+,0.05
Strait of Georgia,1990,3,35.52
Strait of Georgia,1990,4,8.24
Strait of Georgia,1990,5,17.72
Strait of Georgia,1990,6,3.21
Strait of Georgia,1990,7,1.98
Strait of Georgia,1990,8,0.48
Strait of Georgia,1990,9+,0.09
Strait of Georgia,1991,3,9.15
Strait of Georgia,1991,4,19.44
Strait of Georgia,1991,5,5.32
Strait of Georgia,1991,6,9.47
Strait of Georgia,1991,7,1.48
Strait of Georgia,1991,8,1.04
Strait of Georgia,1991,9+,0.13
Strait of Georgia,1992,3,40.48
Strait of Georgia,1992,4,12.02
Strait of Georgia,1992,5,18.38
Strait of Georgia,1992,6,3.83
Strait of Georgia,1992,7,6.98
Strait of Georgia,1992,8,0.88
Strait of Georgia,1992,9+,0.4
Strait of Georgia,1993,3,35.2
Strait of Georgia,1993,4,33.55
Strait of Georgia,1993,5,8.43
Strait of Georgia,1993,6,8.35
Strait of Georgia,1993,7,1.97
Strait of Georgia,1993,8,2.44
Strait of Georgia,1993,9+,0.34
Strait of Georgia,1994,3,24.81
Strait of Georgia,1994,4,19.61
Strait of Georgia,1994,5,15.37
Strait of Georgia,1994,6,3.62
Strait of Georgia,1994,7,2.83
Strait of Georgia,1994,8,0.74
Strait of Georgia,1994,9+,0.17
Strait of Georgia,1995,3,12.28
Strait of Georgia,1995,4,24.49
Strait of Georgia,1995,5,14.07
Strait of Georgia,1995,6,9.86
Strait of Georgia,1995,7,2.67
Strait of Georgia,1995,8,1.06
Strait of Georgia,1995,9+,0.53
Strait of Georgia,1996,3,33
Strait of Georgia,1996,4,11.98
Strait of Georgia,1996,5,14.5
Strait of Georgia,1996,6,6.81
Strait of Georgia,1996,7,3.86
Strait of Georgia,1996,8,0.82
Strait of Georgia,1996,9+,0.41
Strait of Georgia,1997,3,28.92
Strait of Georgia,1997,4,15.02
Strait of Georgia,1997,5,4.69
Strait of Georgia,1997,6,5.69
Strait of Georgia,1997,7,2.42
Strait of Georgia,1997,8,1.45
Strait of Georgia,1997,9+,0.19
Strait of Georgia,1998,3,31.26
Strait of Georgia,1998,4,25.69
Strait of Georgia,1998,5,11.49
Strait of Georgia,1998,6,2.57
Strait of Georgia,1998,7,2.36
Strait of Georgia,1998,8,0.95
Strait of Georgia,1998,9+,0.3
Strait of Georgia,1999,3,18.62
Strait of Georgia,1999,4,37.6
Strait of Georgia,1999,5,18.5
Strait of Georgia,1999,6,7.21
Strait of Georgia,1999,7,1.94
Strait of Georgia,1999,8,0.97
Strait of Georgia,1999,9+,0.36
Strait of Georgia,2000,3,24.09
Strait of Georgia,2000,4,15.62
Strait of Georgia,2000,5,20.83
Strait of Georgia,2000,6,9.24
Strait of Georgia,2000,7,2.36
Strait of Georgia,2000,8,0.39
Strait of Georgia,2000,9+,0.21
Strait of Georgia,2001,3,42.19
Strait of Georgia,2001,4,30.23
Strait of Georgia,2001,5,11.3
Strait of Georgia,2001,6,11.59
Strait of Georgia,2001,7,3.92
Strait of Georgia,2001,8,0.91
Strait of Georgia,2001,9+,0.2
Strait of Georgia,2002,3,59.5
Strait of Georgia,2002,4,33.78
Strait of Georgia,2002,5,15.99
Strait of Georgia,2002,6,4.11
Strait of Georgia,2002,7,3.58
Strait of Georgia,2002,8,0.73
Strait of Georgia,2002,9+,0.23
Strait of Georgia,2003,3,59.57
Strait of Georgia,2003,4,60.53
Strait of Georgia,2003,5,22.75
Strait of Georgia,2003,6,6.61
Strait of Georgia,2003,7,1.75
Strait of Georgia,2003,8,0.84
Strait of Georgia,2003,9+,0.22
Strait of Georgia,2004,3,30.68
Strait of Georgia,2004,4,52.13
Strait of Georgia,2004,5,29.15
Strait of Georgia,2004,6,7.77
Strait of Georgia,2004,7,2.49
Strait of Georgia,2004,8,0.42
Strait of Georgia,2004,9+,0.37
Strait of Georgia,2005,3,27.9
Strait of Georgia,2005,4,32.59
Strait of Georgia,2005,5,28.11
Strait of Georgia,2005,6,10.78
Strait of Georgia,2005,7,2.39
Strait of Georgia,2005,8,0.82
Strait of Georgia,2005,9+,0.36
Strait of Georgia,2006,3,14.86
Strait of Georgia,2006,4,14.99
Strait of Georgia,2006,5,11.06
Strait of Georgia,2006,6,7
Strait of Georgia,2006,7,1.64
Strait of Georgia,2006,8,0.61
Strait of Georgia,2006,9+,0.09
Strait of Georgia,2007,3,17.31
Strait of Georgia,2007,4,10.56
Strait of Georgia,2007,5,5.22
Strait of Georgia,2007,6,3.1
Strait of Georgia,2007,7,1.74
Strait of Georgia,2007,8,0.51
Strait of Georgia,2007,9+,0.08
Strait of Georgia,2008,3,3.99
Strait of Georgia,2008,4,23.24
Strait of Georgia,2008,5,4.52
Strait of Georgia,2008,6,1.85
Strait of Georgia,2008,7,0.58
Strait of Georgia,2008,8,0.24
Strait of Georgia,2008,9+,0.08
Strait of Georgia,2009,3,29.79
Strait of Georgia,2009,4,7.31
Strait of Georgia,2009,5,10.16
Strait of Georgia,2009,6,3.69
Strait of Georgia,2009,7,1.57
Strait of Georgia,2009,8,0.77
Strait of Georgia,2009,9+,0.37
Strait of Georgia,2010,3,1.91
Strait of Georgia,2010,4,41.19
Strait of Georgia,2010,5,3.08
Strait of Georgia,2010,6,3.18
Strait of Georgia,2010,7,0.77
Strait of Georgia,2010,8,0.21
Strait of Georgia,2010,9+,0.12
Strait of Georgia,2011,3,50.09
Strait of Georgia,2011,4,9.34
Strait of Georgia,2011,5,21.12
Strait of Georgia,2011,6,2.28
Strait of Georgia,2011,7,1.42
Strait of Georgia,2011,8,0.59
Strait of Georgia,2011,9+,0.16
Strait of Georgia,2012,3,17.77
Strait of Georgia,2012,4,26.43
Strait of Georgia,2012,5,2.42
Strait of Georgia,2012,6,4.91
Strait of Georgia,2012,7,0.44
Strait of Georgia,2012,8,0.15
Strait of Georgia,2012,9+,0.05
Strait of Georgia,2013,3,22.73
Strait of Georgia,2013,4,27.95
Strait of Georgia,2013,5,27.68
Strait of Georgia,2013,6,2.04
Strait of Georgia,2013,7,2.92
Strait of Georgia,2013,8,0.31
Strait of Georgia,2013,9+,0.06
Strait of Georgia,2014,3,50.62
Strait of Georgia,2014,4,20.72
Strait of Georgia,2014,5,26.63
Strait of Georgia,2014,6,18.23
Strait of Georgia,2014,7,2.25
Strait of Georgia,2014,8,1.55
Strait of Georgia,2014,9+,0.47
Strait of Georgia,2015,3,39.84
Strait of Georgia,2015,4,42.18
Strait of Georgia,2015,5,11.53
Strait of Georgia,2015,6,6.25
Strait of Georgia,2015,7,4.11
Strait of Georgia,2015,8,0.38
Strait of Georgia,2015,9+,0.19
Strait of Georgia,2016,3,39.74
Strait of Georgia,2016,4,54.74
Strait of Georgia,2016,5,24.61
Strait of Georgia,2016,6,5.79
Strait of Georgia,2016,7,2.92
Strait of Georgia,2016,8,1.45
Strait of Georgia,2016,9+,0.25
Strait of Georgia,2017,3,21.03
Strait of Georgia,2017,4,24.02
Strait of Georgia,2017,5,22.49
Strait of Georgia,2017,6,9.75
Strait of Georgia,2017,7,2.31
Strait of Georgia,2017,8,1.15
Strait of Georgia,2017,9+,0.31
Strait of Georgia,2018,3,36.23
Strait of Georgia,2018,4,25.01
Strait of Georgia,2018,5,16.45
Strait of Georgia,2018,6,10.48
Strait of Georgia,2018,7,2.96
Strait of Georgia,2018,8,0.59
Strait of Georgia,2018,9+,0.21
Strait of Georgia,2019,3,29.17
Strait of Georgia,2019,4,19.09
Strait of Georgia,2019,5,9.04
Strait of Georgia,2019,6,3.43
Strait of Georgia,2019,7,1.8
Strait of Georgia,2019,8,0.4
Strait of Georgia,2019,9+,0.05
Strait of Georgia,2020,3,72.71
Strait of Georgia,2020,4,26.27
Strait of Georgia,2020,5,10.86
Strait of Georgia,2020,6,3.89
Strait of Georgia,2020,7,1.86
Strait of Georgia,2020,8,0.32
Strait of Georgia,2020,9+,0.22
Strait of Georgia,2021,3,26.49
Strait of Georgia,2021,4,30.51
Strait of Georgia,2021,5,9.3
Strait of Georgia,2021,6,3.37
Strait of Georgia,2021,7,1.06
Strait of Georgia,2021,8,0.18
Strait of Georgia,2021,9+,0.22
Strait of Georgia,2022,3,28.05
Strait of Georgia,2022,4,27.36
Strait of Georgia,2022,5,22.65
Strait of Georgia,2022,6,5.64
Strait of Georgia,2022,7,1.21
Strait of Georgia,2022,8,0.8
Strait of Georgia,2022,9+,0.16
Strait of Georgia,2023,3,28.5
Strait of Georgia,2023,4,19.9
Strait of Georgia,2023,5,14.8
Strait of Georgia,2023,6,9
Strait of Georgia,2023,7,1.47
Strait of Georgia,2023,8,0.62
Strait of Georgia,2023,9+,0.22
Strait of Georgia,2024,3,31.75
Strait of Georgia,2024,4,31.51
Strait of Georgia,2024,5,9.87
Strait of Georgia,2024,6,5.31
Strait of Georgia,2024,7,2.81
Strait of Georgia,2024,8,0.43
Strait of Georgia,2024,9+,0.1
West Coast Vancouver Island,1976,3,2.95
West Coast Vancouver Island,1976,4,22.52
West Coast Vancouver Island,1976,5,14.57
West Coast Vancouver Island,1976,6,12.66
West Coast Vancouver Island,1976,7,9
West Coast Vancouver Island,1976,8,3.29
West Coast Vancouver Island,1976,9+,0.74
West Coast Vancouver Island,1977,3,4.32
West Coast Vancouver Island,1977,4,18.62
West Coast Vancouver Island,1977,5,20.82
West Coast Vancouver Island,1977,6,9.96
West Coast Vancouver Island,1977,7,3.42
West Coast Vancouver Island,1977,8,1.31
West Coast Vancouver Island,1977,9+,0.23
West Coast Vancouver Island,1978,3,13.33
West Coast Vancouver Island,1978,4,7.75
West Coast Vancouver Island,1978,5,8.39
West Coast Vancouver Island,1978,6,11.64
West Coast Vancouver Island,1978,7,3.21
West Coast Vancouver Island,1978,8,1.07
West Coast Vancouver Island,1978,9+,0.22
West Coast Vancouver Island,1979,3,5.1
West Coast Vancouver Island,1979,4,27.41
West Coast Vancouver Island,1979,5,12.87
West Coast Vancouver Island,1979,6,11.45
West Coast Vancouver Island,1979,7,8.69
West Coast Vancouver Island,1979,8,1.86
West Coast Vancouver Island,1979,9+,0.96
West Coast Vancouver Island,1980,3,24.12
West Coast Vancouver Island,1980,4,9.24
West Coast Vancouver Island,1980,5,16.49
West Coast Vancouver Island,1980,6,4.97
West Coast Vancouver Island,1980,7,4.87
West Coast Vancouver Island,1980,8,2.18
West Coast Vancouver Island,1980,9+,0.43
West Coast Vancouver Island,1981,3,15.53
West Coast Vancouver Island,1981,4,14.64
West Coast Vancouver Island,1981,5,6.58
West Coast Vancouver Island,1981,6,7.05
West Coast Vancouver Island,1981,7,5.04
West Coast Vancouver Island,1981,8,2.63
West Coast Vancouver Island,1981,9+,0.46
West Coast Vancouver Island,1982,3,6.4
West Coast Vancouver Island,1982,4,9.26
West Coast Vancouver Island,1982,5,9.81
West Coast Vancouver Island,1982,6,2.23
West Coast Vancouver Island,1982,7,3.95
West Coast Vancouver Island,1982,8,1.07
West Coast Vancouver Island,1982,9+,0.76
West Coast Vancouver Island,1983,3,2.95
West Coast Vancouver Island,1983,4,3.44
West Coast Vancouver Island,1983,5,4
West Coast Vancouver Island,1983,6,3.82
West Coast Vancouver Island,1983,7,0.96
West Coast Vancouver Island,1983,8,1.21
West Coast Vancouver Island,1983,9+,0.38
West Coast Vancouver Island,1984,3,9.44
West Coast Vancouver Island,1984,4,4.01
West Coast Vancouver Island,1984,5,3.16
West Coast Vancouver Island,1984,6,3.94
West Coast Vancouver Island,1984,7,2.43
West Coast Vancouver Island,1984,8,0.51
West Coast Vancouver Island,1984,9+,0.6
West Coast Vancouver Island,1985,3,17.12
West Coast Vancouver Island,1985,4,6
West Coast Vancouver Island,1985,5,1.82
West Coast Vancouver Island,1985,6,1.5
West Coast Vancouver Island,1985,7,1.84
West Coast Vancouver Island,1985,8,1.09
West Coast Vancouver Island,1985,9+,0.22
West Coast Vancouver Island,1986,3,17.24
West Coast Vancouver Island,1986,4,12.94
West Coast Vancouver Island,1986,5,4.41
West Coast Vancouver Island,1986,6,1.88
West Coast Vancouver Island,1986,7,1.43
West Coast Vancouver Island,1986,8,1.16
West Coast Vancouver Island,1986,9+,0.45
West Coast Vancouver Island,1987,3,2.35
West Coast Vancouver Island,1987,4,6.24
West Coast Vancouver Island,1987,5,5.05
West Coast Vancouver Island,1987,6,1.7
West Coast Vancouver Island,1987,7,0.71
West Coast Vancouver Island,1987,8,0.4
West Coast Vancouver Island,1987,9+,0.41
West Coast Vancouver Island,1988,3,23.78
West Coast Vancouver Island,1988,4,3.93
West Coast Vancouver Island,1988,5,8.81
West Coast Vancouver Island,1988,6,6.62
West Coast Vancouver Island,1988,7,2.07
West Coast Vancouver Island,1988,8,0.55
West Coast Vancouver Island,1988,9+,0.49
West Coast Vancouver Island,1989,3,6.04
West Coast Vancouver Island,1989,4,28.71
West Coast Vancouver Island,1989,5,3.76
West Coast Vancouver Island,1989,6,5.25
West Coast Vancouver Island,1989,7,3.35
West Coast Vancouver Island,1989,8,0.49
West Coast Vancouver Island,1989,9+,0.12
West Coast Vancouver Island,1990,3,9.34
West Coast Vancouver Island,1990,4,5.44
West Coast Vancouver Island,1990,5,24.49
West Coast Vancouver Island,1990,6,2.6
West Coast Vancouver Island,1990,7,3.71
West Coast Vancouver Island,1990,8,1.21
West Coast Vancouver Island,1990,9+,0.18
West Coast Vancouver Island,1991,3,4.72
West Coast Vancouver Island,1991,4,5.94
West Coast Vancouver Island,1991,5,3.51
West Coast Vancouver Island,1991,6,12.77
West Coast Vancouver Island,1991,7,1.22
West Coast Vancouver Island,1991,8,1.57
West Coast Vancouver Island,1991,9+,0.32
West Coast Vancouver Island,1992,3,16.56
West Coast Vancouver Island,1992,4,4.43
West Coast Vancouver Island,1992,5,6.38
West Coast Vancouver Island,1992,6,3.19
West Coast Vancouver Island,1992,7,9.57
West Coast Vancouver Island,1992,8,1.23
West Coast Vancouver Island,1992,9+,1.01
West Coast Vancouver Island,1993,3,8.4
West Coast Vancouver Island,1993,4,15.3
West Coast Vancouver Island,1993,5,2.99
West Coast Vancouver Island,1993,6,3.53
West Coast Vancouver Island,1993,7,2.16
West Coast Vancouver Island,1993,8,3.86
West Coast Vancouver Island,1993,9+,0.67
West Coast Vancouver Island,1994,3,4.63
West Coast Vancouver Island,1994,4,6.05
West Coast Vancouver Island,1994,5,8.47
West Coast Vancouver Island,1994,6,2.4
West Coast Vancouver Island,1994,7,1.43
West Coast Vancouver Island,1994,8,1.65
West Coast Vancouver Island,1994,9+,0.62
West Coast Vancouver Island,1995,3,2.54
West Coast Vancouver Island,1995,4,5.67
West Coast Vancouver Island,1995,5,5.77
West Coast Vancouver Island,1995,6,8.02
West Coast Vancouver Island,1995,7,2.27
West Coast Vancouver Island,1995,8,1.46
West Coast Vancouver Island,1995,9+,1.4
West Coast Vancouver Island,1996,3,5.53
West Coast Vancouver Island,1996,4,4.49
West Coast Vancouver Island,1996,5,7.69
West Coast Vancouver Island,1996,6,5.81
West Coast Vancouver Island,1996,7,6.81
West Coast Vancouver Island,1996,8,1.59
West Coast Vancouver Island,1996,9+,1.19
West Coast Vancouver Island,1997,3,27.8
West Coast Vancouver Island,1997,4,3.67
West Coast Vancouver Island,1997,5,2.51
West Coast Vancouver Island,1997,6,4.41
West Coast Vancouver Island,1997,7,3.52
West Coast Vancouver Island,1997,8,2.75
West Coast Vancouver Island,1997,9+,0.72
West Coast Vancouver Island,1998,3,7.4
West Coast Vancouver Island,1998,4,25.13
West Coast Vancouver Island,1998,5,3.03
West Coast Vancouver Island,1998,6,1.61
West Coast Vancouver Island,1998,7,1.74
West Coast Vancouver Island,1998,8,1.06
West Coast Vancouver Island,1998,9+,1.03
West Coast Vancouver Island,1999,3,3.69
West Coast Vancouver Island,1999,4,4.52
West Coast Vancouver Island,1999,5,8.29
West Coast Vancouver Island,1999,6,1.81
West Coast Vancouver Island,1999,7,0.7
West Coast Vancouver Island,1999,8,0.37
West Coast Vancouver Island,1999,9+,0.35
West Coast Vancouver Island,2000,3,2.2
West Coast Vancouver Island,2000,4,2.31
West Coast Vancouver Island,2000,5,2.56
West Coast Vancouver Island,2000,6,4.63
West Coast Vancouver Island,2000,7,0.69
West Coast Vancouver Island,2000,8,0.25
West Coast Vancouver Island,2000,9+,0.16
West Coast Vancouver Island,2001,3,5.41
West Coast Vancouver Island,2001,4,2.86
West Coast Vancouver Island,2001,5,1.31
West Coast Vancouver Island,2001,6,1.43
West Coast Vancouver Island,2001,7,2.02
West Coast Vancouver Island,2001,8,0.28
West Coast Vancouver Island,2001,9+,0.09
West Coast Vancouver Island,2002,3,10.38
West Coast Vancouver Island,2002,4,5.45
West Coast Vancouver Island,2002,5,2.16
West Coast Vancouver Island,2002,6,0.94
West Coast Vancouver Island,2002,7,1.14
West Coast Vancouver Island,2002,8,1.04
West Coast Vancouver Island,2002,9+,0.14
West Coast Vancouver Island,2003,3,12.43
West Coast Vancouver Island,2003,4,12.1
West Coast Vancouver Island,2003,5,4.72
West Coast Vancouver Island,2003,6,1.04
West Coast Vancouver Island,2003,7,0.4
West Coast Vancouver Island,2003,8,0.4
West Coast Vancouver Island,2003,9+,0.31
West Coast Vancouver Island,2004,3,3.65
West Coast Vancouver Island,2004,4,7.96
West Coast Vancouver Island,2004,5,3.32
West Coast Vancouver Island,2004,6,1.1
West Coast Vancouver Island,2004,7,0.26
West Coast Vancouver Island,2004,8,0.1
West Coast Vancouver Island,2004,9+,0.05
West Coast Vancouver Island,2005,3,4.03
West Coast Vancouver Island,2005,4,2.62
West Coast Vancouver Island,2005,5,2.02
West Coast Vancouver Island,2005,6,0.73
West Coast Vancouver Island,2005,7,0.21
West Coast Vancouver Island,2005,8,0.03
West Coast Vancouver Island,2005,9+,0.02
West Coast Vancouver Island,2006,3,1.05
West Coast Vancouver Island,2006,4,1.2
West Coast Vancouver Island,2006,5,0.33
West Coast Vancouver Island,2006,6,0.26
West Coast Vancouver Island,2006,7,0.04
West Coast Vancouver Island,2006,8,0
West Coast Vancouver Island,2007,3,1.06
West Coast Vancouver Island,2007,4,0.82
West Coast Vancouver Island,2007,5,0.29
West Coast Vancouver Island,2007,6,0.05
West Coast Vancouver Island,2007,7,0.03
West Coast Vancouver Island,2008,3,0.5
West Coast Vancouver Island,2008,4,1.62
West Coast Vancouver Island,2008,5,0.42
West Coast Vancouver Island,2008,6,0.13
West Coast Vancouver Island,2008,7,0.03
West Coast Vancouver Island,2008,8,0.03
West Coast Vancouver Island,2008,9+,0.01
West Coast Vancouver Island,2009,3,6.76
West Coast Vancouver Island,2009,4,1.65
West Coast Vancouver Island,2009,5,1.77
West Coast Vancouver Island,2009,6,0.34
West Coast Vancouver Island,2009,7,0.08
West Coast Vancouver Island,2010,3,0.76
West Coast Vancouver Island,2010,4,1.32
West Coast Vancouver Island,2010,5,0.17
West Coast Vancouver Island,2010,6,0.17
West Coast Vancouver Island,2010,7,0.03
West Coast Vancouver Island,2010,8,0
West Coast Vancouver Island,2011,3,5.95
West Coast Vancouver Island,2011,4,2.18
West Coast Vancouver Island,2011,5,1.33
West Coast Vancouver Island,2011,6,0.13
West Coast Vancouver Island,2011,7,0.08
West Coast Vancouver Island,2012,3,0.91
West Coast Vancouver Island,2012,4,3.39
West Coast Vancouver Island,2012,5,0.63
West Coast Vancouver Island,2012,6,0.4
West Coast Vancouver Island,2012,7,0.05
West Coast Vancouver Island,2012,8,0.03
West Coast Vancouver Island,2013,3,2.45
West Coast Vancouver Island,2013,4,1.81
West Coast Vancouver Island,2013,5,6.42
West Coast Vancouver Island,2013,6,0.78
West Coast Vancouver Island,2013,7,0.72
West Coast Vancouver Island,2013,8,0.08
West Coast Vancouver Island,2014,3,10.01
West Coast Vancouver Island,2014,4,2.32
West Coast Vancouver Island,2014,5,0.59
West Coast Vancouver Island,2014,6,0.75
West Coast Vancouver Island,2014,7,0.18
West Coast Vancouver Island,2014,9+,0.1
West Coast Vancouver Island,2015,3,2.76
West Coast Vancouver Island,2015,4,6.72
West Coast Vancouver Island,2015,5,1.02
West Coast Vancouver Island,2015,6,0.27
West Coast Vancouver Island,2015,7,0.47
West Coast Vancouver Island,2015,8,0.06
West Coast Vancouver Island,2015,9+,0.01
West Coast Vancouver Island,2016,3,13.53
West Coast Vancouver Island,2016,4,3.6
West Coast Vancouver Island,2016,5,2.85
West Coast Vancouver Island,2016,6,0.31
West Coast Vancouver Island,2016,7,0.07
West Coast Vancouver Island,2016,8,0.14
West Coast Vancouver Island,2016,9+,0.03
West Coast Vancouver Island,2017,3,1.08
West Coast Vancouver Island,2017,4,11.02
West Coast Vancouver Island,2017,5,2.37
West Coast Vancouver Island,2017,6,1.59
West Coast Vancouver Island,2017,7,0.34
West Coast Vancouver Island,2017,8,0.05
West Coast Vancouver Island,2017,9+,0.04
West Coast Vancouver Island,2018,3,4.07
West Coast Vancouver Island,2018,4,2.98
West Coast Vancouver Island,2018,5,16.6
West Coast Vancouver Island,2018,6,3
West Coast Vancouver Island,2018,7,1.22
West Coast Vancouver Island,2018,8,0.17
West Coast Vancouver Island,2018,9+,0.07
West Coast Vancouver Island,2019,3,7.34
West Coast Vancouver Island,2019,4,1.7
West Coast Vancouver Island,2019,5,1.02
West Coast Vancouver Island,2019,6,5.47
West Coast Vancouver Island,2019,7,0.98
West Coast Vancouver Island,2019,8,0.46
West Coast Vancouver Island,2019,9+,0.07
West Coast Vancouver Island,2020,3,4.83
West Coast Vancouver Island,2020,4,8.09
West Coast Vancouver Island,2020,5,1.2
West Coast Vancouver Island,2020,6,0.73
West Coast Vancouver Island,2020,7,3.07
West Coast Vancouver Island,2020,8,0.7
West Coast Vancouver Island,2020,9+,0.13
West Coast Vancouver Island,2021,3,16.74
West Coast Vancouver Island,2021,4,5.04
West Coast Vancouver Island,2021,5,5.39
West Coast Vancouver Island,2021,6,0.65
West Coast Vancouver Island,2021,7,0.51
West Coast Vancouver Island,2021,8,0.76
West Coast Vancouver Island,2021,9+,0.26
West Coast Vancouver Island,2022,3,6.27
West Coast Vancouver Island,2022,4,11.42
West Coast Vancouver Island,2022,5,2.51
West Coast Vancouver Island,2022,6,3
West Coast Vancouver Island,2022,7,0.19
West Coast Vancouver Island,2022,8,0.05
West Coast Vancouver Island,2022,9+,0.27
West Coast Vancouver Island,2023,3,35.89
West Coast Vancouver Island,2023,4,19.16
West Coast Vancouver Island,2023,5,14.33
West Coast Vancouver Island,2023,6,4.13
West Coast Vancouver Island,2023,7,2.43
West Coast Vancouver Island,2023,8,0.55
West Coast Vancouver Island,2023,9+,0.52
West Coast Vancouver Island,2024,3,17.15
West Coast Vancouver Island,2024,4,40.37
West Coast Vancouver Island,2024,5,15.31
West Coast Vancouver Island,2024,6,10.65
West Coast Vancouver Island,2024,7,2.28
West Coast Vancouver Island,2024,8,0.37
West Coast Vancouver Island,2024,9+,0.18
Central Coast,1976,3,1.26
Central Coast,1976,4,5.2
Central Coast,1976,5,3.52
Central Coast,1976,6,3.77
Central Coast,1976,7,1.31
Central Coast,1976,8,0.3
Central Coast,1976,9+,0.05
Central Coast,1980,3,8.5
Central Coast,1980,4,0.97
Central Coast,1980,5,1.71
Central Coast,1980,6,0.92
Central Coast,1980,7,0.64
Central Coast,1980,8,0.19
Central Coast,1980,9+,0.16
Central Coast,1981,3,1.51
Central Coast,1981,4,10.61
Central Coast,1981,5,1.57
Central Coast,1981,6,1.48
Central Coast,1981,7,0.64
Central Coast,1981,8,0.17
Central Coast,1981,9+,0.12
Central Coast,1982,3,2
Central Coast,1982,4,1.65
Central Coast,1982,5,10.27
Central Coast,1982,6,0.98
Central Coast,1982,7,0.92
Central Coast,1982,8,0.36
Central Coast,1982,9+,0.15
Central Coast,1983,3,0.95
Central Coast,1983,4,2.48
Central Coast,1983,5,1.94
Central Coast,1983,6,11.22
Central Coast,1983,7,1.07
Central Coast,1983,8,0.67
Central Coast,1983,9+,0.25
Central Coast,1984,3,0.9
Central Coast,1984,4,1.45
Central Coast,1984,5,2.62
Central Coast,1984,6,2.48
Central Coast,1984,7,6.26
Central Coast,1984,8,0.44
Central Coast,1984,9+,0.2
Central Coast,1985,3,2.77
Central Coast,1985,4,0.66
Central Coast,1985,5,0.82
Central Coast,1985,6,1.25
Central Coast,1985,7,1.24
Central Coast,1985,8,2.17
Central Coast,1985,9+,0.05
Central Coast,1986,3,2.78
Central Coast,1986,4,8.59
Central Coast,1986,5,1.77
Central Coast,1986,6,1.72
Central Coast,1986,7,1.91
Central Coast,1986,8,1.75
Central Coast,1986,9+,3.12
Central Coast,1987,3,2.26
Central Coast,1987,4,1.88
Central Coast,1987,5,4.63
Central Coast,1987,6,0.92
Central Coast,1987,7,0.75
Central Coast,1987,8,0.94
Central Coast,1987,9+,1.95
Central Coast,1988,3,16.68
Central Coast,1988,4,3.82
Central Coast,1988,5,2.55
Central Coast,1988,6,3.22
Central Coast,1988,7,0.87
Central Coast,1988,8,0.7
Central Coast,1988,9+,1.47
Central Coast,1989,3,0.83
Central Coast,1989,4,16.55
Central Coast,1989,5,2.66
Central Coast,1989,6,1.17
Central Coast,1989,7,1.08
Central Coast,1989,8,0.32
Central Coast,1989,9+,0.73
Central Coast,1990,3,1.16
Central Coast,1990,4,1.22
Central Coast,1990,5,20.75
Central Coast,1990,6,2.8
Central Coast,1990,7,1.45
Central Coast,1990,8,1.26
Central Coast,1990,9+,0.61
Central Coast,1991,3,2.38
Central Coast,1991,4,1.06
Central Coast,1991,5,1.19
Central Coast,1991,6,11.71
Central Coast,1991,7,1.55
Central Coast,1991,8,0.61
Central Coast,1991,9+,0.51
Central Coast,1992,3,20.68
Central Coast,1992,4,5.02
Central Coast,1992,5,1.43
Central Coast,1992,6,2.01
Central Coast,1992,7,11.64
Central Coast,1992,8,1.51
Central Coast,1992,9+,0.87
Central Coast,1993,3,1.76
Central Coast,1993,4,20.2
Central Coast,1993,5,3.44
Central Coast,1993,6,0.73
Central Coast,1993,7,1.02
Central Coast,1993,8,4.71
Central Coast,1993,9+,0.78
Central Coast,1994,3,4.91
Central Coast,1994,4,2.39
Central Coast,1994,5,16.04
Central Coast,1994,6,2.34
Central Coast,1994,7,0.73
Central Coast,1994,8,1.05
Central Coast,1994,9+,1.51
Central Coast,1995,3,0.98
Central Coast,1995,4,4.45
Central Coast,1995,5,1.97
Central Coast,1995,6,10.83
Central Coast,1995,7,1.56
Central Coast,1995,8,0.51
Central Coast,1995,9+,1.06
Central Coast,1996,3,3.25
Central Coast,1996,4,1.19
Central Coast,1996,5,3.92
Central Coast,1996,6,1.72
Central Coast,1996,7,7.95
Central Coast,1996,8,1.79
Central Coast,1996,9+,0.88
Central Coast,1997,3,13.08
Central Coast,1997,4,4.43
Central Coast,1997,5,1.13
Central Coast,1997,6,2.38
Central Coast,1997,7,1.66
Central Coast,1997,8,3.76
Central Coast,1997,9+,0.96
Central Coast,1998,3,9.42
Central Coast,1998,4,12.32
Central Coast,1998,5,2.47
Central Coast,1998,6,0.83
Central Coast,1998,7,1.38
Central Coast,1998,8,1.51
Central Coast,1998,9+,1.81
Central Coast,1999,3,2.06
Central Coast,1999,4,12.49
Central Coast,1999,5,10.87
Central Coast,1999,6,1.98
Central Coast,1999,7,0.59
Central Coast,1999,8,0.88
Central Coast,1999,9+,1.33
Central Coast,2000,3,4.37
Central Coast,2000,4,2.9
Central Coast,2000,5,11.23
Central Coast,2000,6,8.99
Central Coast,2000,7,2.12
Central Coast,2000,8,0.45
Central Coast,2000,9+,0.76
Central Coast,2001,3,1.33
Central Coast,2001,4,6.18
Central Coast,2001,5,2.7
Central Coast,2001,6,7.11
Central Coast,2001,7,5.33
Central Coast,2001,8,1.15
Central Coast,2001,9+,0.54
Central Coast,2002,3,5.19
Central Coast,2002,4,1.97
Central Coast,2002,5,3.88
Central Coast,2002,6,1.48
Central Coast,2002,7,5
Central Coast,2002,8,2.34
Central Coast,2002,9+,0.47
Central Coast,2003,3,10.61
Central Coast,2003,4,5.64
Central Coast,2003,5,1.81
Central Coast,2003,6,2.25
Central Coast,2003,7,1.16
Central Coast,2003,8,1.99
Central Coast,2003,9+,0.93
Central Coast,2004,3,1.56
Central Coast,2004,4,18.03
Central Coast,2004,5,5.16
Central Coast,2004,6,1.33
Central Coast,2004,7,1.7
Central Coast,2004,8,0.92
Central Coast,2004,9+,1.2
Central Coast,2005,3,7.04
Central Coast,2005,4,3.48
Central Coast,2005,5,8.89
Central Coast,2005,6,2.56
Central Coast,2005,7,0.69
Central Coast,2005,8,0.66
Central Coast,2005,9+,0.58
Central Coast,2006,3,0.81
Central Coast,2006,4,4.73
Central Coast,2006,5,0.99
Central Coast,2006,6,1.93
Central Coast,2006,7,0.42
Central Coast,2006,8,0.1
Central Coast,2006,9+,0.1
Central Coast,2007,3,2.12
Central Coast,2007,4,1.58
Central Coast,2007,5,3.24
Central Coast,2007,6,0.87
Central Coast,2007,7,1.16
Central Coast,2007,8,0.22
Central Coast,2007,9+,0.08
Central Coast,2008,3,0.35
Central Coast,2008,4,1.88
Central Coast,2008,5,0.61
Central Coast,2008,6,0.96
Central Coast,2008,7,0.19
Central Coast,2008,8,0.21
Central Coast,2008,9+,0.05
Central Coast,2009,3,7.46
Central Coast,2009,4,1.2
Central Coast,2009,5,1.17
Central Coast,2009,6,0.37
Central Coast,2009,7,0.41
Central Coast,2009,8,0.06
Central Coast,2009,9+,0.09
Central Coast,2010,3,1.09
Central Coast,2010,4,5.68
Central Coast,2010,5,0.52
Central Coast,2010,6,0.84
Central Coast,2010,7,0.22
Central Coast,2010,8,0.27
Central Coast,2010,9+,0.05
Central Coast,2011,3,4.44
Central Coast,2011,4,1.68
Central Coast,2011,5,3.32
Central Coast,2011,6,0.46
Central Coast,2011,7,0.4
Central Coast,2011,8,0.12
Central Coast,2011,9+,0.15
Central Coast,2012,3,0.61
Central Coast,2012,4,3.71
Central Coast,2012,5,1.03
Central Coast,2012,6,1.7
Central Coast,2012,7,0.25
Central Coast,2012,8,0.18
Central Coast,2012,9+,0.11
Central Coast,2013,3,8.86
Central Coast,2013,4,2.66
Central Coast,2013,5,5.6
Central Coast,2013,6,1.42
Central Coast,2013,7,1.57
Central Coast,2013,8,0.13
Central Coast,2013,9+,0.14
Central Coast,2014,3,2.6
Central Coast,2014,4,6.56
Central Coast,2014,5,1.27
Central Coast,2014,6,2.11
Central Coast,2014,7,0.44
Central Coast,2014,8,0.29
Central Coast,2014,9+,0.05
Central Coast,2015,3,13.65
Central Coast,2015,4,5.86
Central Coast,2015,5,8.55
Central Coast,2015,6,1.73
Central Coast,2015,7,1.95
Central Coast,2015,8,0.31
Central Coast,2015,9+,0.1
Central Coast,2016,3,2.87
Central Coast,2016,4,18.23
Central Coast,2016,5,3.4
Central Coast,2016,6,5.42
Central Coast,2016,7,1.15
Central Coast,2016,8,1.13
Central Coast,2016,9+,0.33
Central Coast,2017,3,3.35
Central Coast,2017,4,3.38
Central Coast,2017,5,10.89
Central Coast,2017,6,2.35
Central Coast,2017,7,2.35
Central Coast,2017,8,0.66
Central Coast,2017,9+,0.53
Central Coast,2018,3,1.82
Central Coast,2018,4,2.28
Central Coast,2018,5,2.15
Central Coast,2018,6,4.09
Central Coast,2018,7,0.99
Central Coast,2018,8,0.68
Central Coast,2018,9+,0.25
Central Coast,2019,3,27.37
Central Coast,2019,4,8.32
Central Coast,2019,5,3.28
Central Coast,2019,6,2.41
Central Coast,2019,7,3.55
Central Coast,2019,8,1.14
Central Coast,2019,9+,0.18
Central Coast,2020,3,1.05
Central Coast,2020,4,31.14
Central Coast,2020,5,4.72
Central Coast,2020,6,2.4
Central Coast,2020,7,1.6
Central Coast,2020,8,1.26
Central Coast,2020,9+,0.55
Central Coast,2021,3,6.55
Central Coast,2021,4,0.8
Central Coast,2021,5,16.23
Central Coast,2021,6,2.93
Central Coast,2021,7,1.31
Central Coast,2021,8,0.53
Central Coast,2021,9+,0.33
Central Coast,2022,3,3.11
Central Coast,2022,4,8.05
Central Coast,2022,5,1.28
Central Coast,2022,6,7.84
Central Coast,2022,7,1.65
Central Coast,2022,8,0.48
Central Coast,2022,9+,0.29
Central Coast,2023,3,10.55
Central Coast,2023,4,2.15
Central Coast,2023,5,2.26
Central Coast,2023,6,0.51
Central Coast,2023,7,1.64
Central Coast,2023,8,0.37
Central Coast,2023,9+,0.08
Central Coast,2024,3,3.78
Central Coast,2024,4,14.47
Central Coast,2024,5,2.43
Central Coast,2024,6,2.55
Central Coast,2024,7,1.19
Central Coast,2024,8,1.75
Central Coast,2024,9+,0.64
Prince Rupert District,1980,3,7.37
Prince Rupert District,1980,4,1.02
Prince Rupert District,1980,5,0.74
Prince Rupert District,1980,6,0.79
Prince Rupert District,1980,7,0.72
Prince Rupert District,1980,8,0.22
Prince Rupert District,1980,9+,0.15
Prince Rupert District,1981,3,1.34
Prince Rupert District,1981,4,10.33
Prince Rupert District,1981,5,0.53
Prince Rupert District,1981,6,0.39
Prince Rupert District,1981,7,0.3
Prince Rupert District,1981,8,0.06
Prince Rupert District,1982,3,2.22
Prince Rupert District,1982,4,1.12
Prince Rupert District,1982,5,11.69
Prince Rupert District,1982,6,0.6
Prince Rupert District,1982,7,0.32
Prince Rupert District,1982,8,0.1
Prince Rupert District,1982,9+,0.05
Prince Rupert District,1983,3,3.44
Prince Rupert District,1983,4,3.72
Prince Rupert District,1983,5,1.29
Prince Rupert District,1983,6,13.28
Prince Rupert District,1983,7,1.15
Prince Rupert District,1983,8,0.39
Prince Rupert District,1983,9+,0.31
Prince Rupert District,1984,3,7.35
Prince Rupert District,1984,4,3.57
Prince Rupert District,1984,5,2.94
Prince Rupert District,1984,6,4.03
Prince Rupert District,1984,7,7.18
Prince Rupert District,1984,8,0.47
Prince Rupert District,1984,9+,0.17
Prince Rupert District,1985,3,1.8
Prince Rupert District,1985,4,15.41
Prince Rupert District,1985,5,4.07
Prince Rupert District,1985,6,2.32
Prince Rupert District,1985,7,3.46
Prince Rupert District,1985,8,3.02
Prince Rupert District,1985,9+,0.07
Prince Rupert District,1986,3,2.38
Prince Rupert District,1986,4,1.98
Prince Rupert District,1986,5,12.54
Prince Rupert District,1986,6,3.29
Prince Rupert District,1986,7,1.58
Prince Rupert District,1986,8,2.18
Prince Rupert District,1986,9+,1.64
Prince Rupert District,1987,3,10.95
Prince Rupert District,1987,4,3.71
Prince Rupert District,1987,5,2.78
Prince Rupert District,1987,6,14.14
Prince Rupert District,1987,7,3.01
Prince Rupert District,1987,8,1.74
Prince Rupert District,1987,9+,2.35
Prince Rupert District,1988,3,7.53
Prince Rupert District,1988,4,12.9
Prince Rupert District,1988,5,2.46
Prince Rupert District,1988,6,3.61
Prince Rupert District,1988,7,5.45
Prince Rupert District,1988,8,1.02
Prince Rupert District,1988,9+,0.98
Prince Rupert District,1989,3,2.45
Prince Rupert District,1989,4,4.66
Prince Rupert District,1989,5,4.79
Prince Rupert District,1989,6,1.04
Prince Rupert District,1989,7,0.9
Prince Rupert District,1989,8,0.81
Prince Rupert District,1989,9+,0.21
Prince Rupert District,1990,3,2.83
Prince Rupert District,1990,4,4.38
Prince Rupert District,1990,5,6.2
Prince Rupert District,1990,6,5.07
Prince Rupert District,1990,7,1.03
Prince Rupert District,1990,8,0.91
Prince Rupert District,1990,9+,0.76
Prince Rupert District,1991,3,8.65
Prince Rupert District,1991,4,2.36
Prince Rupert District,1991,5,3.83
Prince Rupert District,1991,6,4.68
Prince Rupert District,1991,7,3.4
Prince Rupert District,1991,8,0.63
Prince Rupert District,1991,9+,0.77
Prince Rupert District,1992,3,12.34
Prince Rupert District,1992,4,15.08
Prince Rupert District,1992,5,2.7
Prince Rupert District,1992,6,2.75
Prince Rupert District,1992,7,3.08
Prince Rupert District,1992,8,1.94
Prince Rupert District,1992,9+,0.7
Prince Rupert District,1993,3,2.18
Prince Rupert District,1993,4,8.85
Prince Rupert District,1993,5,8.02
Prince Rupert District,1993,6,1.04
Prince Rupert District,1993,7,1.26
Prince Rupert District,1993,8,1.27
Prince Rupert District,1993,9+,0.64
Prince Rupert District,1994,3,0.49
Prince Rupert District,1994,4,1.78
Prince Rupert District,1994,5,6.78
Prince Rupert District,1994,6,3.75
Prince Rupert District,1994,7,0.75
Prince Rupert District,1994,8,0.72
Prince Rupert District,1994,9+,0.42
Prince Rupert District,1995,3,2.03
Prince Rupert District,1995,4,1.07
Prince Rupert District,1995,5,2.06
Prince Rupert District,1995,6,7.53
Prince Rupert District,1995,7,3.2
Prince Rupert District,1995,8,0.55
Prince Rupert District,1995,9+,0.44
Prince Rupert District,1996,3,11.73
Prince Rupert District,1996,4,2.38
Prince Rupert District,1996,5,0.89
Prince Rupert District,1996,6,1.53
Prince Rupert District,1996,7,3.82
Prince Rupert District,1996,8,2.08
Prince Rupert District,1996,9+,0.24
Prince Rupert District,1997,3,3.28
Prince Rupert District,1997,4,12.39
Prince Rupert District,1997,5,2.35
Prince Rupert District,1997,6,0.97
Prince Rupert District,1997,7,1.86
Prince Rupert District,1997,8,1.85
Prince Rupert District,1997,9+,0.9
Prince Rupert District,1998,3,4.82
Prince Rupert District,1998,4,3.8
Prince Rupert District,1998,5,7.27
Prince Rupert District,1998,6,0.98
Prince Rupert District,1998,7,0.37
Prince Rupert District,1998,8,0.31
Prince Rupert District,1998,9+,0.45
Prince Rupert District,1999,3,1.18
Prince Rupert District,1999,4,10.59
Prince Rupert District,1999,5,5.71
Prince Rupert District,1999,6,7.7
Prince Rupert District,1999,7,1.42
Prince Rupert District,1999,8,0.39
Prince Rupert District,1999,9+,0.76
Prince Rupert District,2000,3,3.97
Prince Rupert District,2000,4,1.69
Prince Rupert District,2000,5,4.85
Prince Rupert District,2000,6,2.54
Prince Rupert District,2000,7,4.07
Prince Rupert District,2000,8,0.57
Prince Rupert District,2000,9+,0.24
Prince Rupert District,2001,3,10.13
Prince Rupert District,2001,4,7.52
Prince Rupert District,2001,5,2.47
Prince Rupert District,2001,6,7.28
Prince Rupert District,2001,7,3.49
Prince Rupert District,2001,8,3.63
Prince Rupert District,2001,9+,0.56
Prince Rupert District,2002,3,2.7
Prince Rupert District,2002,4,6.77
Prince Rupert District,2002,5,4.58
Prince Rupert District,2002,6,1.26
Prince Rupert District,2002,7,3.04
Prince Rupert District,2002,8,1.33
Prince Rupert District,2002,9+,0.82
Prince Rupert District,2003,3,17.15
Prince Rupert District,2003,4,4.3
Prince Rupert District,2003,5,6.15
Prince Rupert District,2003,6,3.38
Prince Rupert District,2003,7,1.12
Prince Rupert District,2003,8,1.73
Prince Rupert District,2003,9+,0.79
Prince Rupert District,2004,3,0.45
Prince Rupert District,2004,4,20.04
Prince Rupert District,2004,5,3.73
Prince Rupert District,2004,6,4.06
Prince Rupert District,2004,7,1.78
Prince Rupert District,2004,8,0.44
Prince Rupert District,2004,9+,0.61
Prince Rupert District,2005,3,6.17
Prince Rupert District,2005,4,2.31
Prince Rupert District,2005,5,12.99
Prince Rupert District,2005,6,3.11
Prince Rupert District,2005,7,2.27
Prince Rupert District,2005,8,0.98
Prince Rupert District,2005,9+,0.34
Prince Rupert District,2006,3,1.28
Prince Rupert District,2006,4,4.18
Prince Rupert District,2006,5,0.92
Prince Rupert District,2006,6,2.94
Prince Rupert District,2006,7,0.56
Prince Rupert District,2006,8,0.27
Prince Rupert District,2006,9+,0.11
Prince Rupert District,2007,3,6.3
Prince Rupert District,2007,4,3.46
Prince Rupert District,2007,5,2.15
Prince Rupert District,2007,6,0.72
Prince Rupert District,2007,7,2.43
Prince Rupert District,2007,8,0.33
Prince Rupert District,2007,9+,0.32
Prince Rupert District,2008,3,1.77
Prince Rupert District,2008,4,7.12
Prince Rupert District,2008,5,1.51
Prince Rupert District,2008,6,1.18
Prince Rupert District,2008,7,0.28
Prince Rupert District,2008,8,0.6
Prince Rupert District,2008,9+,0.27
Prince Rupert District,2009,3,2.2
Prince Rupert District,2009,4,2.22
Prince Rupert District,2009,5,5.29
Prince Rupert District,2009,6,1.01
Prince Rupert District,2009,7,0.79
Prince Rupert District,2009,8,0.17
Prince Rupert District,2009,9+,0.28
Prince Rupert District,2010,3,6.86
Prince Rupert District,2010,4,7.29
Prince Rupert District,2010,5,4.33
Prince Rupert District,2010,6,7.8
Prince Rupert District,2010,7,1.38
Prince Rupert District,2010,8,0.6
Prince Rupert District,2010,9+,0.35
Prince Rupert District,2011,3,6.13
Prince Rupert District,2011,4,6.25
Prince Rupert District,2011,5,3.76
Prince Rupert District,2011,6,1.91
Prince Rupert District,2011,7,2.42
Prince Rupert District,2011,8,0.41
Prince Rupert District,2011,9+,0.22
Prince Rupert District,2012,3,1.32
Prince Rupert District,2012,4,9.16
Prince Rupert District,2012,5,5.96
Prince Rupert District,2012,6,2.9
Prince Rupert District,2012,7,1.77
Prince Rupert District,2012,8,1.37
Prince Rupert District,2012,9+,0.24
Prince Rupert District,2013,3,9.21
Prince Rupert District,2013,4,4.76
Prince Rupert District,2013,5,6.12
Prince Rupert District,2013,6,3.68
Prince Rupert District,2013,7,1.04
Prince Rupert District,2013,8,0.78
Prince Rupert District,2013,9+,0.18
Prince Rupert District,2014,3,0.32
Prince Rupert District,2014,4,10.41
Prince Rupert District,2014,5,1.63
Prince Rupert District,2014,6,2.39
Prince Rupert District,2014,7,1.56
Prince Rupert District,2014,8,0.56
Prince Rupert District,2014,9+,0.25
Prince Rupert District,2015,3,6.56
Prince Rupert District,2015,4,1.2
Prince Rupert District,2015,5,4.8
Prince Rupert District,2015,6,1.56
Prince Rupert District,2015,7,1.96
Prince Rupert District,2015,8,1
Prince Rupert District,2015,9+,0.32
Prince Rupert District,2016,3,2.1
Prince Rupert District,2016,4,9.54
Prince Rupert District,2016,5,1.47
Prince Rupert District,2016,6,3.55
Prince Rupert District,2016,7,1
Prince Rupert District,2016,8,0.97
Prince Rupert District,2016,9+,0.35
Prince Rupert District,2017,3,2.51
Prince Rupert District,2017,4,3.33
Prince Rupert District,2017,5,8.36
Prince Rupert District,2017,6,1.42
Prince Rupert District,2017,7,2.22
Prince Rupert District,2017,8,0.86
Prince Rupert District,2017,9+,0.54
Prince Rupert District,2018,3,3.55
Prince Rupert District,2018,4,1.65
Prince Rupert District,2018,5,2.63
Prince Rupert District,2018,6,4.62
Prince Rupert District,2018,7,0.74
Prince Rupert District,2018,8,0.49
Prince Rupert District,2018,9+,0.47
Prince Rupert District,2019,3,11.59
Prince Rupert District,2019,4,6.94
Prince Rupert District,2019,5,2.31
Prince Rupert District,2019,6,3.53
Prince Rupert District,2019,7,2.17
Prince Rupert District,2019,8,0.34
Prince Rupert District,2019,9+,0.31
Prince Rupert District,2020,3,0.57
Prince Rupert District,2020,4,18.81
Prince Rupert District,2020,5,4.32
Prince Rupert District,2020,6,1.03
Prince Rupert District,2020,7,0.7
Prince Rupert District,2020,8,0.29
Prince Rupert District,2020,9+,0.14
Prince Rupert District,2021,3,3.55
Prince Rupert District,2021,4,0.81
Prince Rupert District,2021,5,22.38
Prince Rupert District,2021,6,4.09
Prince Rupert District,2021,7,1.21
Prince Rupert District,2021,8,0.72
Prince Rupert District,2021,9+,0.31
Prince Rupert District,2022,3,3.09
Prince Rupert District,2022,4,6.03
Prince Rupert District,2022,5,1.81
Prince Rupert District,2022,6,20.08
Prince Rupert District,2022,7,3.14
Prince Rupert District,2022,8,0.66
Prince Rupert District,2022,9+,0.4
Prince Rupert District,2023,3,18.46
Prince Rupert District,2023,4,4.99
Prince Rupert District,2023,5,5.07
Prince Rupert District,2023,6,1.86
Prince Rupert District,2023,7,9.65
Prince Rupert District,2023,8,1.72
Prince Rupert District,2023,9+,0.46
Prince Rupert District,2024,3,9.51
Prince Rupert District,2024,4,24.88
Prince Rupert District,2024,5,4.41
Prince Rupert District,2024,6,2.67
Prince Rupert District,2024,7,1.91
Prince Rupert District,2024,8,5.75
Prince Rupert District,2024,9+,0.93
Haida Gwaii,1976,3,0.22
Haida Gwaii,1976,4,3.65
Haida Gwaii,1976,5,3.84
Haida Gwaii,1976,6,3.89
Haida Gwaii,1976,7,1.3
Haida Gwaii,1976,8,0.23
Haida Gwaii,1976,9+,0.03
Haida Gwaii,1980,3,22.07
Haida Gwaii,1980,4,1.7
Haida Gwaii,1980,5,2.31
Haida Gwaii,1980,6,1.46
Haida Gwaii,1980,7,0.97
Haida Gwaii,1980,8,0.75
Haida Gwaii,1980,9+,0.49
Haida Gwaii,1981,3,0.75
Haida Gwaii,1981,4,15.48
Haida Gwaii,1981,5,1.12
Haida Gwaii,1981,6,0.68
Haida Gwaii,1981,7,0.42
Haida Gwaii,1981,8,0.19
Haida Gwaii,1981,9+,0.1
Haida Gwaii,1982,3,1.18
Haida Gwaii,1982,4,1.19
Haida Gwaii,1982,5,18.11
Haida Gwaii,1982,6,0.66
Haida Gwaii,1982,7,0.45
Haida Gwaii,1982,8,0.31
Haida Gwaii,1982,9+,0.2
Haida Gwaii,1983,3,0.85
Haida Gwaii,1983,4,0.68
Haida Gwaii,1983,5,1.33
Haida Gwaii,1983,6,14.31
Haida Gwaii,1983,7,1
Haida Gwaii,1983,8,0.52
Haida Gwaii,1983,9+,0.4
Haida Gwaii,1984,3,5.9
Haida Gwaii,1984,4,1.13
Haida Gwaii,1984,5,0.72
Haida Gwaii,1984,6,2.46
Haida Gwaii,1984,7,11.42
Haida Gwaii,1984,8,0.35
Haida Gwaii,1984,9+,0.15
Haida Gwaii,1985,3,2.07
Haida Gwaii,1985,4,5.23
Haida Gwaii,1985,5,0.71
Haida Gwaii,1985,6,0.89
Haida Gwaii,1985,7,2.4
Haida Gwaii,1985,8,5.53
Haida Gwaii,1985,9+,0.12
Haida Gwaii,1986,3,0.12
Haida Gwaii,1986,4,1.12
Haida Gwaii,1986,5,2.25
Haida Gwaii,1986,6,0.24
Haida Gwaii,1986,7,0.19
Haida Gwaii,1986,8,0.54
Haida Gwaii,1986,9+,1.38
Haida Gwaii,1987,3,0.81
Haida Gwaii,1987,4,0.56
Haida Gwaii,1987,5,2.5
Haida Gwaii,1987,6,4.25
Haida Gwaii,1987,7,0.44
Haida Gwaii,1987,8,0.57
Haida Gwaii,1987,9+,1.57
Haida Gwaii,1988,3,4.69
Haida Gwaii,1988,4,0.97
Haida Gwaii,1988,5,0.74
Haida Gwaii,1988,6,2.01
Haida Gwaii,1988,7,2.79
Haida Gwaii,1988,8,0.27
Haida Gwaii,1988,9+,1.06
Haida Gwaii,1989,3,3.16
Haida Gwaii,1989,4,11.01
Haida Gwaii,1989,5,0.84
Haida Gwaii,1989,6,0.51
Haida Gwaii,1989,7,1.34
Haida Gwaii,1989,8,1.04
Haida Gwaii,1989,9+,0.63
Haida Gwaii,1990,3,1.67
Haida Gwaii,1990,4,4.45
Haida Gwaii,1990,5,12.94
Haida Gwaii,1990,6,1.18
Haida Gwaii,1990,7,0.68
Haida Gwaii,1990,8,1.53
Haida Gwaii,1990,9+,0.99
Haida Gwaii,1991,3,0.45
Haida Gwaii,1991,4,1.45
Haida Gwaii,1991,5,4.29
Haida Gwaii,1991,6,7.05
Haida Gwaii,1991,7,0.7
Haida Gwaii,1991,8,0.29
Haida Gwaii,1991,9+,1.2
Haida Gwaii,1992,3,3.13
Haida Gwaii,1992,4,0.48
Haida Gwaii,1992,5,0.85
Haida Gwaii,1992,6,1.8
Haida Gwaii,1992,7,3.07
Haida Gwaii,1992,8,0.38
Haida Gwaii,1992,9+,0.34
Haida Gwaii,1993,3,0.21
Haida Gwaii,1993,4,3.21
Haida Gwaii,1993,5,0.28
Haida Gwaii,1993,6,0.49
Haida Gwaii,1993,7,0.99
Haida Gwaii,1993,8,1.02
Haida Gwaii,1993,9+,0.16
Haida Gwaii,1994,3,0.42
Haida Gwaii,1994,4,0.62
Haida Gwaii,1994,5,6.26
Haida Gwaii,1994,6,1.51
Haida Gwaii,1994,7,1.67
Haida Gwaii,1994,8,1.65
Haida Gwaii,1994,9+,0.64
Haida Gwaii,1995,3,0.65
Haida Gwaii,1995,4,0.11
Haida Gwaii,1995,5,0.24
Haida Gwaii,1995,6,2.11
Haida Gwaii,1995,7,0.57
Haida Gwaii,1995,8,0.53
Haida Gwaii,1995,9+,0.49
Haida Gwaii,1996,3,3.54
Haida Gwaii,1996,4,0.71
Haida Gwaii,1996,5,0.33
Haida Gwaii,1996,6,0.44
Haida Gwaii,1996,7,1.77
Haida Gwaii,1996,8,0.28
Haida Gwaii,1996,9+,0.18
Haida Gwaii,1997,3,2.94
Haida Gwaii,1997,4,4.48
Haida Gwaii,1997,5,0.81
Haida Gwaii,1997,6,0.29
Haida Gwaii,1997,7,0.86
Haida Gwaii,1997,8,1.09
Haida Gwaii,1997,9+,0.26
Haida Gwaii,1998,3,9.9
Haida Gwaii,1998,4,5.09
Haida Gwaii,1998,5,3.28
Haida Gwaii,1998,6,0.73
Haida Gwaii,1998,7,0.38
Haida Gwaii,1998,8,0.76
Haida Gwaii,1998,9+,0.49
Haida Gwaii,1999,3,0.2
Haida Gwaii,1999,4,5.64
Haida Gwaii,1999,5,1.6
Haida Gwaii,1999,6,0.91
Haida Gwaii,1999,7,0.28
Haida Gwaii,1999,8,0.08
Haida Gwaii,1999,9+,0.22
Haida Gwaii,2000,3,1.05
Haida Gwaii,2000,4,0.24
Haida Gwaii,2000,5,3.3
Haida Gwaii,2000,6,0.42
Haida Gwaii,2000,7,0.27
Haida Gwaii,2000,8,0.03
Haida Gwaii,2000,9+,0.03
Haida Gwaii,2001,3,3.91
Haida Gwaii,2001,4,3.21
Haida Gwaii,2001,5,0.99
Haida Gwaii,2001,6,4.38
Haida Gwaii,2001,7,0.74
Haida Gwaii,2001,8,0.27
Haida Gwaii,2001,9+,0.11
Haida Gwaii,2002,3,0.58
Haida Gwaii,2002,4,0.66
Haida Gwaii,2002,5,0.36
Haida Gwaii,2002,6,0.08
Haida Gwaii,2002,7,0.44
Haida Gwaii,2002,8,0.05
Haida Gwaii,2002,9+,0.01
Haida Gwaii,2003,3,4.42
Haida Gwaii,2003,4,1.49
Haida Gwaii,2003,5,0.53
Haida Gwaii,2003,6,0.37
Haida Gwaii,2003,7,0.13
Haida Gwaii,2003,8,0.29
Haida Gwaii,2003,9+,0.07
Haida Gwaii,2004,3,0.18
Haida Gwaii,2004,4,3.42
Haida Gwaii,2004,5,0.67
Haida Gwaii,2004,6,0.33
Haida Gwaii,2004,7,0.23
Haida Gwaii,2004,8,0.12
Haida Gwaii,2004,9+,0.1
Haida Gwaii,2005,3,1.22
Haida Gwaii,2005,4,0.43
Haida Gwaii,2005,5,1.09
Haida Gwaii,2005,6,0.16
Haida Gwaii,2005,7,0.11
Haida Gwaii,2005,8,0.06
Haida Gwaii,2005,9+,0.04
Haida Gwaii,2006,3,0.37
Haida Gwaii,2006,4,2.06
Haida Gwaii,2006,5,0.5
Haida Gwaii,2006,6,0.93
Haida Gwaii,2006,7,0.18
Haida Gwaii,2006,8,0.03
Haida Gwaii,2006,9+,0.02
Haida Gwaii,2007,3,3.53
Haida Gwaii,2007,4,1.19
Haida Gwaii,2007,5,2.26
Haida Gwaii,2007,6,0.67
Haida Gwaii,2007,7,1.38
Haida Gwaii,2007,8,0.29
Haida Gwaii,2007,9+,0.02
Haida Gwaii,2008,3,0.25
Haida Gwaii,2008,4,2.92
Haida Gwaii,2008,5,0.34
Haida Gwaii,2008,6,0.49
Haida Gwaii,2008,7,0.1
Haida Gwaii,2008,8,0.11
Haida Gwaii,2009,3,5.37
Haida Gwaii,2009,4,0.8
Haida Gwaii,2009,5,2.8
Haida Gwaii,2009,6,0.25
Haida Gwaii,2009,7,0.42
Haida Gwaii,2009,8,0.06
Haida Gwaii,2009,9+,0.1
Haida Gwaii,2010,3,0.51
Haida Gwaii,2010,4,4.47
Haida Gwaii,2010,5,0.5
Haida Gwaii,2010,6,1.57
Haida Gwaii,2010,7,0.18
Haida Gwaii,2010,8,0.18
Haida Gwaii,2010,9+,0.05
Haida Gwaii,2011,3,2.65
Haida Gwaii,2011,4,0.53
Haida Gwaii,2011,5,2.67
Haida Gwaii,2011,6,0.53
Haida Gwaii,2011,7,0.88
Haida Gwaii,2011,8,0.08
Haida Gwaii,2011,9+,0.04
Haida Gwaii,2012,3,1.36
Haida Gwaii,2012,4,4.11
Haida Gwaii,2012,5,0.48
Haida Gwaii,2012,6,2.78
Haida Gwaii,2012,7,0.27
Haida Gwaii,2012,8,0.43
Haida Gwaii,2012,9+,0.1
Haida Gwaii,2013,3,8.69
Haida Gwaii,2013,4,2.23
Haida Gwaii,2013,5,2.42
Haida Gwaii,2013,6,0.36
Haida Gwaii,2013,7,0.84
Haida Gwaii,2013,8,0.13
Haida Gwaii,2013,9+,0.08
Haida Gwaii,2014,3,0.28
Haida Gwaii,2014,4,6.91
Haida Gwaii,2014,5,1.43
Haida Gwaii,2014,6,1.22
Haida Gwaii,2014,7,0.18
Haida Gwaii,2014,8,0.45
Haida Gwaii,2014,9+,0.11
Haida Gwaii,2015,3,2.46
Haida Gwaii,2015,4,0.64
Haida Gwaii,2015,5,7.35
Haida Gwaii,2015,6,0.9
Haida Gwaii,2015,7,1.17
Haida Gwaii,2015,8,0.28
Haida Gwaii,2015,9+,0.3
Haida Gwaii,2016,3,0.98
Haida Gwaii,2016,4,1.29
Haida Gwaii,2016,5,0.48
Haida Gwaii,2016,6,3.47
Haida Gwaii,2016,7,0.43
Haida Gwaii,2016,8,0.19
Haida Gwaii,2016,9+,0.05
Haida Gwaii,2017,3,0.87
Haida Gwaii,2017,4,0.32
Haida Gwaii,2017,5,0.43
Haida Gwaii,2017,6,0.2
Haida Gwaii,2017,7,0.85
Haida Gwaii,2017,8,0.22
Haida Gwaii,2017,9+,0.13
Haida Gwaii,2018,3,1.6
Haida Gwaii,2018,4,1.14
Haida Gwaii,2018,5,0.52
Haida Gwaii,2018,6,0.38
Haida Gwaii,2018,7,0.47
Haida Gwaii,2018,8,0.46
Haida Gwaii,2018,9+,0.04
Haida Gwaii,2019,3,5.69
Haida Gwaii,2019,4,3.73
Haida Gwaii,2019,5,1.12
Haida Gwaii,2019,6,0.36
Haida Gwaii,2019,7,0.3
Haida Gwaii,2019,8,0.21
Haida Gwaii,2019,9+,0.02
Haida Gwaii,2020,3,0.34
Haida Gwaii,2020,4,14.89
Haida Gwaii,2020,5,3.54
Haida Gwaii,2020,6,1.06
Haida Gwaii,2020,7,0.36
Haida Gwaii,2020,8,0.16
Haida Gwaii,2020,9+,0.08
Haida Gwaii,2021,3,0.38
Haida Gwaii,2021,4,0.67
Haida Gwaii,2021,5,13.18
Haida Gwaii,2021,6,2.8
Haida Gwaii,2021,7,0.81
Haida Gwaii,2021,8,0.28
Haida Gwaii,2021,9+,0.11
Haida Gwaii,2022,3,1.15
Haida Gwaii,2022,4,0.14
Haida Gwaii,2022,5,0.36
Haida Gwaii,2022,6,3.15
Haida Gwaii,2022,7,0.45
Haida Gwaii,2022,8,0.01
Haida Gwaii,2022,9+,0.02
Haida Gwaii,2023,3,0.56
Haida Gwaii,2023,4,0.34
Haida Gwaii,2023,5,0.1
Haida Gwaii,2023,6,0.12
Haida Gwaii,2023,7,0.33
Haida Gwaii,2023,8,0.1
Haida Gwaii,2023,9+,0.03
Haida Gwaii,2024,3,2.5
Haida Gwaii,2024,4,3.65
Haida Gwaii,2024,5,1.96
Haida Gwaii,2024,6,0.54
Haida Gwaii,2024,7,0.64
Haida Gwaii,2024,8,1.57
Haida Gwaii,2024,9+,0.8
