Year,age,source,mean_len_mm,n,data_source
1946,2,Reduction Fishery,160.53008595988538,349,Reduction fishery
1946,3,Reduction Fishery,187.95619524405504,2397,Reduction fishery
1946,4,Reduction Fishery,201.38734739178693,1802,Reduction fishery
1946,5,Reduction Fishery,211.79598662207357,299,Reduction fishery
1946,6,Reduction Fishery,218.66666666666666,39,Reduction fishery
1947,2,Reduction Fishery,153.4189189189189,148,Reduction fishery
1947,3,Reduction Fishery,192.71666180332647,3427,Reduction fishery
1947,4,Reduction Fishery,203.67605633802816,2272,Reduction fishery
1947,5,Reduction Fishery,211.85804020100502,796,Reduction fishery
1947,6,Reduction Fishery,219.69101123595505,178,Reduction fishery
1947,7,Reduction Fishery,225.51612903225808,31,Reduction fishery
1948,2,Reduction Fishery,161.1264367816092,87,Reduction fishery
1948,3,Reduction Fishery,186.6139240506329,2370,Reduction fishery
1948,4,Reduction Fishery,198.85968028419182,563,Reduction fishery
1948,5,Reduction Fishery,210.25316455696202,79,Reduction fishery
1949,2,Reduction Fishery,153.26760563380282,71,Reduction fishery
1949,3,Reduction Fishery,188.14086335605322,3081,Reduction fishery
1949,4,Reduction Fishery,200.4042891183479,1259,Reduction fishery
1949,5,Reduction Fishery,210.5279187817259,197,Reduction fishery
1949,6,Reduction Fishery,217.93333333333334,30,Reduction fishery
1950,2,Reduction Fishery,148.2085889570552,326,Reduction fishery
1950,3,Reduction Fishery,187.11373538179328,4361,Reduction fishery
1950,4,Reduction Fishery,199.89395229982966,2348,Reduction fishery
1950,5,Reduction Fishery,211.4324817518248,548,Reduction fishery
1950,6,Reduction Fishery,222.14545454545456,110,Reduction fishery
1951,2,Reduction Fishery,146.87202380952377,1008,Reduction fishery
1951,3,Reduction Fishery,184.25555333199924,4997,Reduction fishery
1951,4,Reduction Fishery,198.17639257294428,2262,Reduction fishery
1951,5,Reduction Fishery,208.50328947368422,608,Reduction fishery
1951,6,Reduction Fishery,217.34453781512605,119,Reduction fishery
1952,2,Reduction Fishery,138.62469733656172,413,Reduction fishery
1952,3,Reduction Fishery,182.27755102040814,980,Reduction fishery
1952,4,Reduction Fishery,196,547,Reduction fishery
1952,5,Reduction Fishery,207.36986301369862,73,Reduction fishery
1953,2,Reduction Fishery,148.14948453608244,582,Reduction fishery
1953,3,Reduction Fishery,183.56154330048224,9538,Reduction fishery
1953,4,Reduction Fishery,197.84617741688376,6527,Reduction fishery
1953,5,Reduction Fishery,213.00680657969372,1763,Reduction fishery
1953,6,Reduction Fishery,223.97058823529412,510,Reduction fishery
1953,7,Reduction Fishery,230.21641791044777,134,Reduction fishery
1954,2,Reduction Fishery,154.01595744680853,188,Reduction fishery
1954,3,Reduction Fishery,185.41900175131343,2284,Reduction fishery
1954,4,Reduction Fishery,196.7465753424657,1606,Reduction fishery
1954,5,Reduction Fishery,209.34191176470588,272,Reduction fishery
1954,6,Reduction Fishery,221.14893617021278,47,Reduction fishery
1955,2,Reduction Fishery,151.442930153322,587,Reduction fishery
1955,3,Reduction Fishery,185.11544991511042,2945,Reduction fishery
1955,4,Reduction Fishery,195.89726356217,2083,Reduction fishery
1955,5,Reduction Fishery,206.78065395095365,734,Reduction fishery
1955,6,Reduction Fishery,216.70967741935485,124,Reduction fishery
1956,2,Reduction Fishery,151.03797468354432,237,Reduction fishery
1956,3,Reduction Fishery,184.19331688719438,4459,Reduction fishery
1956,4,Reduction Fishery,198.84628099173557,3025,Reduction fishery
1956,5,Reduction Fishery,207.3971036585365,2624,Reduction fishery
1956,6,Reduction Fishery,215.65303593556382,807,Reduction fishery
1956,7,Reduction Fishery,224.36206896551724,116,Reduction fishery
1957,2,Reduction Fishery,144.9376443418014,433,Reduction fishery
1957,3,Reduction Fishery,179.62851536952257,3058,Reduction fishery
1957,4,Reduction Fishery,197.52249408050514,1267,Reduction fishery
1957,5,Reduction Fishery,212.16326530612244,343,Reduction fishery
1957,6,Reduction Fishery,217.86864406779662,236,Reduction fishery
1957,7,Reduction Fishery,222.53333333333333,75,Reduction fishery
1958,2,Reduction Fishery,153.15705975674246,1891,Reduction fishery
1958,3,Reduction Fishery,180.38126009693062,7428,Reduction fishery
1958,4,Reduction Fishery,193.75323383084574,2010,Reduction fishery
1958,5,Reduction Fishery,207.4282296650718,418,Reduction fishery
1958,6,Reduction Fishery,216.67543859649123,228,Reduction fishery
1958,7,Reduction Fishery,220.47590361445782,166,Reduction fishery
1958,8,Reduction Fishery,225.6,35,Reduction fishery
1959,2,Reduction Fishery,153,266,Reduction fishery
1959,3,Reduction Fishery,184.0435643564357,1515,Reduction fishery
1959,4,Reduction Fishery,195.9612676056338,1136,Reduction fishery
1959,5,Reduction Fishery,201.71666666666667,120,Reduction fishery
1960,2,Reduction Fishery,163.7136752136752,936,Reduction fishery
1960,3,Reduction Fishery,178.58871915393655,851,Reduction fishery
1960,4,Reduction Fishery,197.4474034620506,751,Reduction fishery
1960,5,Reduction Fishery,205.02247191011236,267,Reduction fishery
1960,6,Reduction Fishery,215.61111111111111,36,Reduction fishery
1961,2,Reduction Fishery,158.79142011834318,676,Reduction fishery
1961,3,Reduction Fishery,182.957422324511,2607,Reduction fishery
1961,4,Reduction Fishery,191.69608938547486,895,Reduction fishery
1961,5,Reduction Fishery,203.77471636952998,617,Reduction fishery
1961,6,Reduction Fishery,210.85090909090908,275,Reduction fishery
1961,7,Reduction Fishery,217.7674418604651,43,Reduction fishery
1962,2,Reduction Fishery,153.5335195530726,358,Reduction fishery
1962,3,Reduction Fishery,181.95728155339813,1030,Reduction fishery
1962,4,Reduction Fishery,194.6772151898734,632,Reduction fishery
1962,5,Reduction Fishery,204.64772727272728,88,Reduction fishery
1962,6,Reduction Fishery,216.58928571428572,56,Reduction fishery
1963,2,Reduction Fishery,157.4329501915709,261,Reduction fishery
1963,3,Reduction Fishery,188.92439209726464,2632,Reduction fishery
1963,4,Reduction Fishery,199.2569288389513,1335,Reduction fishery
1963,5,Reduction Fishery,208.21192052980132,151,Reduction fishery
1963,6,Reduction Fishery,214.13636363636363,44,Reduction fishery
1964,2,Reduction Fishery,162.02483069977427,443,Reduction fishery
1964,3,Reduction Fishery,191.00396375990945,1766,Reduction fishery
1964,4,Reduction Fishery,199.43357363542742,971,Reduction fishery
1964,5,Reduction Fishery,208.6611570247934,121,Reduction fishery
1965,2,Reduction Fishery,153.45604395604397,182,Reduction fishery
1965,3,Reduction Fishery,188.83644859813086,428,Reduction fishery
1965,4,Reduction Fishery,201.53581661891116,349,Reduction fishery
1965,5,Reduction Fishery,214.6241134751773,141,Reduction fishery
1965,6,Reduction Fishery,217.41176470588235,34,Reduction fishery
1972,3,Reduction Fishery,189.94520547945206,146,Reduction fishery
1972,4,Reduction Fishery,206.44927536231884,69,Reduction fishery
1975,2,Test Fishery,153.2992700729927,137,Test fishery
1975,3,Test Fishery,187.9071530080531,2111,Test fishery
1975,4,Test Fishery,202.30427631578948,1216,Test fishery
1975,5,Test Fishery,215.90462427745666,346,Test fishery
1975,6,Test Fishery,227.54901960784315,153,Test fishery
1975,7,Test Fishery,239.61666666666667,60,Test fishery
1977,2,Test Fishery,165.61904761904762,42,Test fishery
1977,3,Test Fishery,183.25795053003532,566,Test fishery
1977,4,Test Fishery,201.6281407035176,199,Test fishery
1977,5,Test Fishery,214.19607843137254,153,Test fishery
1977,6,Test Fishery,224.6326530612245,49,Test fishery
1978,3,Test Fishery,186.1497504159734,601,Test fishery
1978,4,Test Fishery,200.20472440944883,762,Test fishery
1978,5,Test Fishery,213.03243243243244,185,Test fishery
1978,6,Test Fishery,220.5820895522388,134,Test fishery
1979,3,Test Fishery,178.76363636363635,275,Test fishery
1979,4,Test Fishery,200.45578231292518,441,Test fishery
1979,5,Test Fishery,213.1972602739726,365,Test fishery
1979,6,Test Fishery,223.90697674418604,129,Test fishery
1979,7,Test Fishery,230.17910447761193,67,Test fishery
1980,2,Test Fishery,163.32967032967034,91,Test fishery
1980,3,Test Fishery,182.6311336717428,1773,Test fishery
1980,4,Test Fishery,201.6644407345576,599,Test fishery
1980,5,Test Fishery,214.4678624813154,669,Test fishery
1980,6,Test Fishery,225.5062656641604,399,Test fishery
1980,7,Test Fishery,230.93203883495147,103,Test fishery
1980,8,Test Fishery,236.8235294117647,51,Test fishery
1981,2,Test Fishery,165.39365671641792,536,Test fishery
1981,3,Test Fishery,181.40877408774097,2439,Test fishery
1981,4,Test Fishery,195.38016085790886,1865,Test fishery
1981,5,Test Fishery,208.32805071315371,631,Test fishery
1981,6,Test Fishery,217.861328125,512,Test fishery
1981,7,Test Fishery,224.7712765957447,188,Test fishery
1981,8,Test Fishery,231.97368421052633,38,Test fishery
1982,2,Test Fishery,158.4909090909091,330,Test fishery
1982,3,Test Fishery,183.07914572864323,1592,Test fishery
1982,4,Test Fishery,193.72258064516126,1240,Test fishery
1982,5,Test Fishery,200.3263052208835,996,Test fishery
1982,6,Test Fishery,209.90540540540542,222,Test fishery
1982,7,Test Fishery,215.75,252,Test fishery
1982,8,Test Fishery,222.65573770491804,122,Test fishery
1983,2,Test Fishery,160.5422077922078,308,Test fishery
1983,3,Test Fishery,181.39000992391664,3023,Test fishery
1983,4,Test Fishery,196.24691358024694,2430,Test fishery
1983,5,Test Fishery,204.92397260273972,1460,Test fishery
1983,6,Test Fishery,208.68021390374332,935,Test fishery
1983,7,Test Fishery,215.83690987124464,233,Test fishery
1983,8,Test Fishery,220.59230769230768,260,Test fishery
1983,9,Test Fishery,226.55882352941177,102,Test fishery
1984,2,Test Fishery,162.93537414965985,882,Test fishery
1984,3,Test Fishery,181.77874186550974,2305,Test fishery
1984,4,Test Fishery,196.04864864864865,1480,Test fishery
1984,5,Test Fishery,207.79266572637516,709,Test fishery
1984,6,Test Fishery,216.90649350649352,385,Test fishery
1984,7,Test Fishery,219.53216374269005,171,Test fishery
1984,8,Test Fishery,221.89655172413794,58,Test fishery
1985,2,Test Fishery,164.45270011489845,2611,Test fishery
1985,3,Test Fishery,182.7800986364955,3447,Test fishery
1985,4,Test Fishery,197.65182481751827,1370,Test fishery
1985,5,Test Fishery,208.63922942206656,571,Test fishery
1985,6,Test Fishery,219.67391304347825,230,Test fishery
1985,7,Test Fishery,224.9375,96,Test fishery
1985,8,Test Fishery,230.48648648648648,37,Test fishery
1986,2,Test Fishery,170.07033248081842,782,Test fishery
1986,3,Test Fishery,184.99428734647245,3501,Test fishery
1986,4,Test Fishery,197.478386167147,1388,Test fishery
1986,5,Test Fishery,206.81748071979433,389,Test fishery
1986,6,Test Fishery,216.3360655737705,122,Test fishery
1986,7,Test Fishery,225.6595744680851,47,Test fishery
1987,2,Test Fishery,167.7620192307692,832,Test fishery
1987,3,Test Fishery,187.50275482093664,2178,Test fishery
1987,4,Test Fishery,197.45368852459012,2440,Test fishery
1987,5,Test Fishery,205.2441505595117,983,Test fishery
1987,6,Test Fishery,211.23170731707316,246,Test fishery
1987,7,Test Fishery,217.48684210526315,76,Test fishery
1988,2,Test Fishery,164.0254777070064,314,Test fishery
1988,3,Test Fishery,186.4494163424125,3084,Test fishery
1988,4,Test Fishery,199.8965034965035,715,Test fishery
1988,5,Test Fishery,206.89136904761904,672,Test fishery
1988,6,Test Fishery,212.45454545454547,176,Test fishery
1988,7,Test Fishery,221.1086956521739,46,Test fishery
1989,2,Test Fishery,166.74484052532833,533,Test fishery
1989,3,Test Fishery,181.5639175257732,970,Test fishery
1989,4,Test Fishery,195.5775028991109,2587,Test fishery
1989,5,Test Fishery,206.8131067961165,412,Test fishery
1989,6,Test Fishery,212.15673981191222,319,Test fishery
1989,7,Test Fishery,215.5,78,Test fishery
1990,2,Test Fishery,163.5665322580645,496,Test fishery
1990,3,Test Fishery,183.44970778222083,3251,Test fishery
1990,4,Test Fishery,195.5354200988468,607,Test fishery
1990,5,Test Fishery,206.35046728971963,1070,Test fishery
1990,6,Test Fishery,215.4470588235294,170,Test fishery
1990,7,Test Fishery,219.24742268041237,97,Test fishery
1991,2,Test Fishery,165.21376281112737,683,Test fishery
1991,3,Test Fishery,183.41081593927893,1054,Test fishery
1991,4,Test Fishery,195.9651097355093,1777,Test fishery
1991,5,Test Fishery,205.33653846153845,416,Test fishery
1991,6,Test Fishery,211.95599393019728,659,Test fishery
1991,7,Test Fishery,218.3578947368421,95,Test fishery
1991,8,Test Fishery,222.61904761904762,63,Test fishery
1992,2,Test Fishery,162.8605577689243,251,Test fishery
1992,3,Test Fishery,184.41921397379917,2290,Test fishery
1992,4,Test Fishery,196.13970588235293,544,Test fishery
1992,5,Test Fishery,205.81896551724137,696,Test fishery
1992,6,Test Fishery,213.02325581395348,129,Test fishery
1992,7,Test Fishery,217.5068493150685,219,Test fishery
1993,2,Test Fishery,161.37583148558758,902,Test fishery
1993,3,Test Fishery,186.1283361726292,1761,Test fishery
1993,4,Test Fishery,197.732995658466,1382,Test fishery
1993,5,Test Fishery,206.7591973244147,299,Test fishery
1993,6,Test Fishery,212.904214559387,261,Test fishery
1993,7,Test Fishery,217.68421052631578,57,Test fishery
1993,8,Test Fishery,220.49253731343285,67,Test fishery
1994,2,Test Fishery,155.35271317829458,258,Test fishery
1994,3,Test Fishery,178.53062178588124,2139,Test fishery
1994,4,Test Fishery,193.3832565284178,1302,Test fishery
1994,5,Test Fishery,202.28329571106096,886,Test fishery
1994,6,Test Fishery,210.3101604278075,187,Test fishery
1994,7,Test Fishery,213.6014492753623,138,Test fishery
1994,8,Test Fishery,222.3030303030303,33,Test fishery
1995,2,Test Fishery,162.9401294498382,618,Test fishery
1995,3,Test Fishery,178.71834625322998,1161,Test fishery
1995,4,Test Fishery,193.4445080091533,1748,Test fishery
1995,5,Test Fishery,203.765625,832,Test fishery
1995,6,Test Fishery,210.16195856873824,531,Test fishery
1995,7,Test Fishery,216.9765625,128,Test fishery
1995,8,Test Fishery,219.9,50,Test fishery
1996,2,Test Fishery,163.48440748440748,962,Test fishery
1996,3,Test Fishery,178.94825547013596,3382,Test fishery
1996,4,Test Fishery,192.14524555903864,957,Test fishery
1996,5,Test Fishery,203.05377456049638,967,Test fishery
1996,6,Test Fishery,211.4897435897436,390,Test fishery
1996,7,Test Fishery,215.41626794258374,209,Test fishery
1996,8,Test Fishery,220.725,40,Test fishery
1997,2,Test Fishery,152.61343472750315,789,Test fishery
1997,3,Test Fishery,180.23517382413084,3423,Test fishery
1997,4,Test Fishery,192.6851332398317,1426,Test fishery
1997,5,Test Fishery,202.0557029177719,377,Test fishery
1997,6,Test Fishery,209.9900497512438,402,Test fishery
1997,7,Test Fishery,214.09937888198758,161,Test fishery
1997,8,Test Fishery,219.26373626373626,91,Test fishery
1998,2,Test Fishery,158.0791788856305,341,Test fishery
1998,3,Test Fishery,175.42157676348546,3615,Test fishery
1998,4,Test Fishery,191.4347826086956,2277,Test fishery
1998,5,Test Fishery,200.99771949828963,877,Test fishery
1998,6,Test Fishery,207.1581920903955,177,Test fishery
1998,7,Test Fishery,215.2896551724138,145,Test fishery
1998,8,Test Fishery,221.01818181818183,55,Test fishery
1999,2,Test Fishery,149.92857142857142,210,Test fishery
1999,3,Test Fishery,173.7056338028169,710,Test fishery
1999,4,Test Fishery,187.13648528099912,1121,Test fishery
1999,5,Test Fishery,197.44210526315788,475,Test fishery
1999,6,Test Fishery,205.52380952380952,168,Test fishery
1999,7,Test Fishery,208.97674418604652,43,Test fishery
2000,2,Test Fishery,157.49922958397536,649,Test fishery
2000,3,Test Fishery,172.99859154929578,2130,Test fishery
2000,4,Test Fishery,187.72334293948128,1041,Test fishery
2000,5,Test Fishery,196.7661357921207,1193,Test fishery
2000,6,Test Fishery,206.42763157894737,456,Test fishery
2000,7,Test Fishery,212.50925925925927,108,Test fishery
2001,2,Test Fishery,164.7378640776699,412,Test fishery
2001,3,Test Fishery,179.25592607472882,2489,Test fishery
2001,4,Test Fishery,186.9430628272251,1528,Test fishery
2001,5,Test Fishery,197.74522292993632,471,Test fishery
2001,6,Test Fishery,203.1986301369863,438,Test fishery
2001,7,Test Fishery,211.1145038167939,131,Test fishery
2001,8,Test Fishery,213.26666666666668,30,Test fishery
2002,2,Test Fishery,152.52331606217618,386,Test fishery
2002,3,Test Fishery,177.4245463228271,2094,Test fishery
2002,4,Test Fishery,186.94558521560575,974,Test fishery
2002,5,Test Fishery,193.24761904761905,420,Test fishery
2002,6,Test Fishery,201.6067415730337,89,Test fishery
2002,7,Test Fishery,203.28,75,Test fishery
2003,2,Test Fishery,149.5464788732394,355,Test fishery
2003,3,Test Fishery,177.153755174453,3382,Test fishery
2003,4,Test Fishery,187.9978761061947,2825,Test fishery
2003,5,Test Fishery,193.96818663838812,943,Test fishery
2003,6,Test Fishery,197.4396887159533,257,Test fishery
2003,7,Test Fishery,204.41666666666666,60,Test fishery
2004,2,Test Fishery,144.98641304347825,368,Test fishery
2004,3,Test Fishery,174.17471042471044,1036,Test fishery
2004,4,Test Fishery,187.61484593837537,1428,Test fishery
2004,5,Test Fishery,195.65042979942695,698,Test fishery
2004,6,Test Fishery,199.73714285714286,175,Test fishery
2004,7,Test Fishery,202.96226415094338,53,Test fishery
2005,2,Test Fishery,150.27027027027026,333,Test fishery
2005,3,Test Fishery,173.68443680137574,1163,Test fishery
2005,4,Test Fishery,183.4,1110,Test fishery
2005,5,Test Fishery,193.6130221130221,814,Test fishery
2005,6,Test Fishery,200.0863309352518,278,Test fishery
2005,7,Test Fishery,201.84745762711864,59,Test fishery
2006,2,Test Fishery,148.3968023255814,1376,Test fishery
2006,3,Test Fishery,168.09021276595746,1175,Test fishery
2006,4,Test Fishery,180.99353448275863,928,Test fishery
2006,5,Test Fishery,189.74785591766724,583,Test fishery
2006,6,Test Fishery,196.0353982300885,339,Test fishery
2006,7,Test Fishery,200.06756756756758,74,Test fishery
2007,2,Test Fishery,153.80769230769232,78,Test fishery
2007,3,Test Fishery,170.4885361552028,1701,Test fishery
2007,4,Test Fishery,175.85714285714286,938,Test fishery
2007,5,Test Fishery,186.03439153439155,378,Test fishery
2007,6,Test Fishery,193.66666666666666,195,Test fishery
2007,7,Test Fishery,199.1764705882353,102,Test fishery
2008,2,Test Fishery,131.9,70,Test fishery
2008,3,Test Fishery,168.80625,320,Test fishery
2008,4,Test Fishery,182.20028308563343,1413,Test fishery
2008,5,Test Fishery,187.444,250,Test fishery
2008,6,Test Fishery,193.85106382978722,94,Test fishery
2009,3,Test Fishery,164.34731323722153,1526,Test fishery
2009,4,Test Fishery,166.1145251396648,358,Test fishery
2009,5,Test Fishery,187.55140186915887,321,Test fishery
2009,6,Test Fishery,192.45714285714286,105,Test fishery
2009,7,Test Fishery,197.1219512195122,41,Test fishery
2010,2,Test Fishery,141.6418181818182,550,Test fishery
2010,3,Test Fishery,158.78787878787878,132,Test fishery
2010,4,Test Fishery,174.13386944181644,2114,Test fishery
2010,5,Test Fishery,176.26315789473685,152,Test fishery
2010,6,Test Fishery,189.2844827586207,116,Test fishery
2011,2,Test Fishery,140.6050156739812,319,Test fishery
2011,3,Test Fishery,168.50046253469012,3243,Test fishery
2011,4,Test Fishery,170.64583333333334,576,Test fishery
2011,5,Test Fishery,182.78952473326868,1031,Test fishery
2011,6,Test Fishery,185.68571428571428,105,Test fishery
2011,7,Test Fishery,195.47368421052633,57,Test fishery
2012,2,Test Fishery,158.1818181818182,77,Test fishery
2012,3,Test Fishery,171.56855707106962,1393,Test fishery
2012,4,Test Fishery,178.6526780784097,1811,Test fishery
2012,5,Test Fishery,181.67924528301887,159,Test fishery
2012,6,Test Fishery,188.12456747404843,289,Test fishery
2013,2,Test Fishery,156.90395480225988,177,Test fishery
2013,3,Test Fishery,168.39092240117128,683,Test fishery
2013,4,Test Fishery,180.1826484018265,657,Test fishery
2013,5,Test Fishery,187.53429602888087,554,Test fishery
2013,6,Test Fishery,188.425,40,Test fishery
2013,7,Test Fishery,193.15686274509804,51,Test fishery
2014,2,Test Fishery,134.664,125,Test fishery
2014,3,Test Fishery,173.2582159624413,426,Test fishery
2014,4,Test Fishery,181.21192052980132,151,Test fishery
2014,5,Test Fishery,192.62420382165604,157,Test fishery
2014,6,Test Fishery,197.3265306122449,98,Test fishery
2015,2,Test Fishery,151.82771535580525,267,Test fishery
2015,3,Test Fishery,170.06702208682407,1313,Test fishery
2015,4,Test Fishery,179.4411515664691,1181,Test fishery
2015,5,Test Fishery,185.72280701754386,285,Test fishery
2015,6,Test Fishery,194.22222222222223,135,Test fishery
2015,7,Test Fishery,199.27710843373495,83,Test fishery
2016,2,Test Fishery,150.4952380952381,420,Test fishery
2016,3,Test Fishery,172.17298578199052,844,Test fishery
2016,4,Test Fishery,180.85089463220675,1006,Test fishery
2016,5,Test Fishery,186.5587529976019,417,Test fishery
2016,6,Test Fishery,192.0568181818182,88,Test fishery
2016,7,Test Fishery,201.5897435897436,39,Test fishery
2017,2,Test Fishery,156.75,272,Test fishery
2017,3,Test Fishery,176.64057971014492,690,Test fishery
2017,4,Test Fishery,187.61032863849766,639,Test fishery
2017,5,Test Fishery,193.4102564102564,546,Test fishery
2017,6,Test Fishery,197.5159817351598,219,Test fishery
2017,7,Test Fishery,201.79166666666666,48,Test fishery
2018,2,Test Fishery,158.47150259067357,193,Test fishery
2018,3,Test Fishery,176.2580971659919,988,Test fishery
2018,4,Test Fishery,184.27597955706986,587,Test fishery
2018,5,Test Fishery,192.2185628742515,334,Test fishery
2018,6,Test Fishery,196.43718592964825,199,Test fishery
2018,7,Test Fishery,200.27777777777777,54,Test fishery
2019,2,Test Fishery,154.4317673378076,894,Test fishery
2019,3,Test Fishery,167.07329401853409,1187,Test fishery
2019,4,Test Fishery,179.6731707317073,615,Test fishery
2019,5,Test Fishery,186.29885057471265,261,Test fishery
2019,6,Test Fishery,190.82608695652175,92,Test fishery
2019,7,Test Fishery,197.36363636363637,44,Test fishery
2020,2,Test Fishery,147.5164113785558,457,Test fishery
2020,3,Test Fishery,168.45853658536583,1230,Test fishery
2020,4,Test Fishery,175.37726098191214,387,Test fishery
2020,5,Test Fishery,183.63503649635035,137,Test fishery
2020,6,Test Fishery,190.26666666666668,45,Test fishery
2021,2,Test Fishery,150.89032258064515,155,Test fishery
2021,3,Test Fishery,169.0963045912654,893,Test fishery
2021,4,Test Fishery,179.06395348837208,860,Test fishery
2021,5,Test Fishery,183.7941176470588,238,Test fishery
2021,6,Test Fishery,189.0897435897436,78,Test fishery
2022,2,Test Fishery,143.19010416666669,384,Test fishery
2022,3,Test Fishery,165.06813186813187,455,Test fishery
2022,4,Test Fishery,178.92463768115942,345,Test fishery
2022,5,Test Fishery,186.58130081300814,246,Test fishery
2022,6,Test Fishery,189.32203389830508,59,Test fishery
2023,2,Test Fishery,135.0051282051282,195,Test fishery
2023,3,Test Fishery,158.97402597402598,770,Test fishery
2023,4,Test Fishery,171.6903073286052,423,Test fishery
2023,5,Test Fishery,183.0530303030303,264,Test fishery
2023,6,Test Fishery,189,149,Test fishery
2024,2,Test Fishery,149.44055944055944,143,Test fishery
2024,3,Test Fishery,166.22569832402235,895,Test fishery
2024,4,Test Fishery,175.85849056603774,742,Test fishery
2024,5,Test Fishery,183.87192118226602,203,Test fishery
2024,6,Test Fishery,190,100,Test fishery
2024,7,Test Fishery,192,51,Test fishery
