Year,n_active,occupancy,grp,N_all,prop_old,n_samples,n_regions,logit_occ
1951,18,0.5806451612903226,North,31,0.36239530297413647,99,3,0.3254224004346281
1952,16,0.5161290322580645,North,31,0.42013104972801407,112,3,0.06453852113757116
1953,14,0.45161290322580644,North,31,0.3415443995351849,83,2,-0.19415601444095737
1954,18,0.5806451612903226,North,31,0.0955032011791368,34,2,0.3254224004346281
1955,18,0.5806451612903226,North,31,0.3538591475761914,64,2,0.3254224004346281
1956,18,0.5806451612903226,North,31,0.48211207353222374,103,3,0.3254224004346281
1957,14,0.45161290322580644,North,31,0.29524396404026815,328,3,-0.19415601444095737
1958,16,0.5161290322580645,North,31,0.04177453971549411,126,3,0.06453852113757116
1959,19,0.6129032258064516,North,31,0.15687602121403854,157,3,0.45953232937844024
1960,18,0.5806451612903226,North,31,0.10730589706055525,73,2,0.3254224004346281
1961,18,0.5806451612903226,North,31,0.39809726457561556,103,2,0.3254224004346281
1962,17,0.5483870967741935,North,31,0.18770063192172495,58,3,0.1941560144409572
1963,16,0.5161290322580645,North,31,0.2484440330146067,103,3,0.06453852113757116
1964,14,0.45161290322580644,North,31,0.2655867961020771,85,3,-0.19415601444095737
1965,15,0.4838709677419355,North,31,0.2837434040779516,115,3,-0.06453852113757118
1966,14,0.45161290322580644,North,31,NA,NA,NA,-0.19415601444095737
1967,17,0.5483870967741935,North,31,NA,NA,NA,0.1941560144409572
1968,17,0.5483870967741935,North,31,NA,NA,NA,0.1941560144409572
1969,18,0.5806451612903226,North,31,NA,NA,NA,0.3254224004346281
1970,23,0.7419354838709677,North,31,NA,NA,NA,1.0560526742493137
1971,21,0.6774193548387096,North,31,NA,NA,NA,0.7419373447293771
1972,20,0.6451612903225806,North,31,0.8313172043010753,4,1,0.5978370007556204
1973,20,0.6451612903225806,North,31,0.7427864533127689,3,1,0.5978370007556204
1974,22,0.7096774193548387,North,31,0.6924197794224421,13,3,0.8938178760220967
1975,22,0.7096774193548387,North,31,0.711237302941439,14,3,0.8938178760220967
1976,22,0.7096774193548387,North,31,0.82282618656945,20,3,0.8938178760220967
1977,23,0.7419354838709677,North,31,0.896269521027167,11,2,1.0560526742493137
1978,20,0.6451612903225806,North,31,0.8884489581666625,19,3,0.5978370007556204
1979,20,0.6451612903225806,North,31,0.8241588373791978,8,2,0.5978370007556204
1980,18,0.5806451612903226,North,31,0.9140576362982298,35,3,0.3254224004346281
1981,21,0.6774193548387096,North,31,0.4318121309214145,47,3,0.7419373447293771
1982,18,0.5806451612903226,North,31,0.932971213293795,29,2,0.3254224004346281
1983,23,0.7419354838709677,North,31,0.9438073920908031,35,2,1.0560526742493137
1984,20,0.6451612903225806,North,31,0.9684695539150535,30,3,0.5978370007556204
1985,19,0.6129032258064516,North,31,0.8831968903879054,27,3,0.45953232937844024
1986,21,0.6774193548387096,North,31,0.8588325652820834,38,3,0.7419373447293771
1987,21,0.6774193548387096,North,31,0.9455043142671757,32,2,0.7419373447293771
1988,19,0.6129032258064516,North,31,0.8960501378378202,19,2,0.45953232937844024
1989,21,0.6774193548387096,North,31,0.8170249256202372,18,2,0.7419373447293771
1990,21,0.6774193548387096,North,31,0.9534613261414306,26,3,0.7419373447293771
1991,21,0.6774193548387096,North,31,0.9639346272407034,27,3,0.7419373447293771
1992,23,0.7419354838709677,North,31,0.8612653214277518,21,2,1.0560526742493137
1993,23,0.7419354838709677,North,31,0.7287691684039261,19,2,1.0560526742493137
1994,19,0.6129032258064516,North,31,0.9476047988698526,33,2,0.45953232937844024
1995,15,0.4838709677419355,North,31,0.9383399717445015,26,2,-0.06453852113757118
1996,16,0.5161290322580645,North,31,0.968066078000869,13,2,0.06453852113757116
1997,17,0.5483870967741935,North,31,0.8745873572443069,13,2,0.1941560144409572
1998,18,0.5806451612903226,North,31,0.9023648263863728,25,2,0.3254224004346281
1999,17,0.5483870967741935,North,31,0.8247135873121507,27,3,0.1941560144409572
2000,14,0.45161290322580644,North,31,0.9765790595239255,17,2,-0.19415601444095737
2001,15,0.4838709677419355,North,31,0.944985704911278,22,2,-0.06453852113757118
2002,20,0.6451612903225806,North,31,0.9294701420061793,16,2,0.5978370007556204
2003,15,0.4838709677419355,North,31,0.9567156611488609,23,2,-0.06453852113757118
2004,17,0.5483870967741935,North,31,0.7798366166115601,13,1,0.1941560144409572
2005,16,0.5161290322580645,North,31,0.9918318574772261,10,1,0.06453852113757116
2006,13,0.41935483870967744,North,31,0.9719995613997146,7,1,-0.32542240043462783
2007,12,0.3870967741935484,North,31,0.9578305745832104,16,1,-0.4595323293784402
2008,14,0.45161290322580644,North,31,0.8938283352370284,16,1,-0.19415601444095737
2009,15,0.4838709677419355,North,31,0.9767230973581035,12,1,-0.06453852113757118
2010,18,0.5806451612903226,North,31,0.9785672361015041,12,1,0.3254224004346281
2011,19,0.6129032258064516,North,31,0.95770299573752,18,1,0.45953232937844024
2012,16,0.5161290322580645,North,31,0.9641695060304849,13,1,0.06453852113757116
2013,17,0.5483870967741935,North,31,0.9305178848579633,12,1,0.1941560144409572
2014,15,0.4838709677419355,North,31,0.8164146620067972,28,2,-0.06453852113757118
2015,15,0.4838709677419355,North,31,0.9730501004077305,18,1,-0.06453852113757118
2016,15,0.4838709677419355,North,31,0.7699238471483544,17,1,-0.06453852113757118
2017,15,0.4838709677419355,North,31,0.9612802070090303,18,1,-0.06453852113757118
2018,15,0.4838709677419355,North,31,0.9461547163259795,11,1,-0.06453852113757118
2019,17,0.5483870967741935,North,31,NA,NA,NA,0.1941560144409572
2020,16,0.5161290322580645,North,31,NA,NA,NA,0.06453852113757116
2021,15,0.4838709677419355,North,31,NA,NA,NA,-0.06453852113757118
2022,18,0.5806451612903226,North,31,NA,NA,NA,0.3254224004346281
2023,16,0.5161290322580645,North,31,0.9755301793285093,9,1,0.06453852113757116
2024,16,0.5161290322580645,North,31,NA,NA,NA,0.06453852113757116
1951,22,0.7333333333333333,South,30,0.08690787981476844,125,2,1.0116009116784797
1952,21,0.7,South,30,0.4143144560971466,57,2,0.8472978603872034
1953,18,0.6,South,30,0.11109444383752173,270,2,0.4054651081081642
1954,20,0.6666666666666666,South,30,0.061819433535923236,98,2,0.6931471805599452
1955,23,0.7666666666666667,South,30,0.08967219033199537,101,2,1.1895840668738367
1956,21,0.7,South,30,0.26997431564565316,197,2,0.8472978603872034
1957,19,0.6333333333333333,South,30,0.129913878065391,102,1,0.5465437063680698
1958,21,0.7,South,30,0.0921989557913453,332,2,0.8472978603872034
1959,27,0.9,South,30,0.12318954730498154,155,2,2.1972245773362196
1960,25,0.8333333333333334,South,30,0.0896514616690545,60,2,1.6094379124341007
1961,23,0.7666666666666667,South,30,0.16662556611562987,105,2,1.1895840668738367
1962,25,0.8333333333333334,South,30,0.042727163415724675,79,2,1.6094379124341007
1963,23,0.7666666666666667,South,30,0.051684710030106044,144,2,1.1895840668738367
1964,24,0.8,South,30,0.06385826597786344,90,2,1.3862943611198908
1965,22,0.7333333333333333,South,30,0.16106629827327154,45,2,1.0116009116784797
1966,23,0.7666666666666667,South,30,NA,NA,NA,1.1895840668738367
1967,23,0.7666666666666667,South,30,NA,NA,NA,1.1895840668738367
1968,24,0.8,South,30,NA,NA,NA,1.3862943611198908
1969,22,0.7333333333333333,South,30,NA,NA,NA,1.0116009116784797
1970,23,0.7666666666666667,South,30,NA,NA,NA,1.1895840668738367
1971,24,0.8,South,30,NA,NA,NA,1.3862943611198908
1972,23,0.7666666666666667,South,30,0.38916866731155914,19,1,1.1895840668738367
1973,17,0.5666666666666667,South,30,0.6568925203943018,14,2,0.26826398659467937
1974,18,0.6,South,30,0.514669562915801,19,2,0.4054651081081642
1975,20,0.6666666666666666,South,30,0.589032196922177,8,2,0.6931471805599452
1976,20,0.6666666666666666,South,30,0.6104518268142121,32,2,0.6931471805599452
1977,22,0.7333333333333333,South,30,0.7167016369722408,28,2,1.0116009116784797
1978,17,0.5666666666666667,South,30,0.8701897466959878,16,2,0.26826398659467937
1979,16,0.5333333333333333,South,30,0.7474710999346091,21,2,0.13353139262452257
1980,16,0.5333333333333333,South,30,0.9127648210793348,24,2,0.13353139262452257
1981,17,0.5666666666666667,South,30,0.7944479090671139,24,2,0.26826398659467937
1982,14,0.4666666666666667,South,30,0.8373080460021552,30,2,-0.13353139262452263
1983,14,0.4666666666666667,South,30,0.7916339055063809,13,2,-0.13353139262452263
1984,11,0.36666666666666664,South,30,0.7486300910357953,19,2,-0.5465437063680699
1985,14,0.4666666666666667,South,30,0.7088450286914482,14,1,-0.13353139262452263
1986,11,0.36666666666666664,South,30,NA,NA,NA,-0.5465437063680699
1987,16,0.5333333333333333,South,30,0.6501114241185784,32,2,0.13353139262452257
1988,11,0.36666666666666664,South,30,0.8106308370414572,19,2,-0.5465437063680699
1989,12,0.4,South,30,0.5384100253144865,17,2,-0.4054651081081643
1990,10,0.3333333333333333,South,30,0.8247789474987743,25,2,-0.6931471805599454
1991,10,0.3333333333333333,South,30,0.760716784995413,20,2,-0.6931471805599454
1992,14,0.4666666666666667,South,30,0.7940764441909095,22,2,-0.13353139262452263
1993,15,0.5,South,30,0.48706806885089354,12,1,0
1994,12,0.4,South,30,0.6837452821277302,23,2,-0.4054651081081643
1995,10,0.3333333333333333,South,30,0.7143512663673104,11,1,-0.6931471805599454
1996,12,0.4,South,30,0.8064296832021961,7,1,-0.4054651081081643
1997,11,0.36666666666666664,South,30,0.7735604379770489,8,1,-0.5465437063680699
1998,10,0.3333333333333333,South,30,0.6354737825572835,28,2,-0.6931471805599454
1999,13,0.43333333333333335,South,30,0.7807836308738675,22,2,-0.26826398659467926
2000,16,0.5333333333333333,South,30,0.8693174462469381,21,2,0.13353139262452257
2001,13,0.43333333333333335,South,30,0.7867463785927343,12,1,-0.26826398659467926
2002,10,0.3333333333333333,South,30,0.7932031158090647,18,2,-0.6931471805599454
2003,9,0.3,South,30,0.7942169805396291,30,2,-0.8472978603872036
2004,12,0.4,South,30,0.7316197965222169,25,2,-0.4054651081081643
2005,14,0.4666666666666667,South,30,0.8914242232430865,21,2,-0.13353139262452263
2006,7,0.23333333333333334,South,30,0.8744254978166627,15,1,-1.1895840668738362
2007,8,0.26666666666666666,South,30,0.8183237396740682,44,1,-1.01160091167848
2008,10,0.3333333333333333,South,30,0.5383800139440027,27,1,-0.6931471805599454
2009,11,0.36666666666666664,South,30,0.8809148213457965,12,1,-0.5465437063680699
2010,11,0.36666666666666664,South,30,0.7485246132652781,13,1,-0.5465437063680699
2011,10,0.3333333333333333,South,30,0.9054824829860121,28,1,-0.6931471805599454
2012,11,0.36666666666666664,South,30,0.28831819078459286,32,1,-0.5465437063680699
2013,11,0.36666666666666664,South,30,0.7514604697470231,20,1,-0.5465437063680699
2014,12,0.4,South,30,0.9172329569777556,23,1,-0.4054651081081643
2015,14,0.4666666666666667,South,30,0.7591180928383003,36,1,-0.13353139262452263
2016,11,0.36666666666666664,South,30,0.6396401154617007,41,1,-0.5465437063680699
2017,8,0.26666666666666666,South,30,0.7473090992175648,45,1,-1.01160091167848
2018,10,0.3333333333333333,South,30,0.7700649290500964,42,1,-0.6931471805599454
2019,10,0.3333333333333333,South,30,0.6454940931202814,42,1,-0.6931471805599454
2020,14,0.4666666666666667,South,30,0.6038020212992554,54,1,-0.13353139262452263
2021,13,0.43333333333333335,South,30,0.5450240543027578,51,1,-0.26826398659467926
2022,13,0.43333333333333335,South,30,0.7302736425337025,30,1,-0.26826398659467926
2023,11,0.36666666666666664,South,30,0.8569902855518632,29,1,-0.5465437063680699
2024,12,0.4,South,30,0.6974301931501551,27,1,-0.4054651081081643
