Section,Year,biomass,spawned
132,1951,584.8268496057541,TRUE
132,1952,2032.9660468667337,TRUE
132,1953,1214.7246767844092,TRUE
132,1954,172.29177155232003,TRUE
132,1955,65.03466388022099,TRUE
132,1956,365.32195572511796,TRUE
132,1957,152.650067959683,TRUE
132,1958,310.43485660319993,TRUE
132,1959,1150.3759173607891,TRUE
132,1960,10.947016825794,TRUE
132,1961,0,FALSE
132,1962,945.0924526268818,TRUE
132,1963,194.61363245856,TRUE
132,1964,2413.0040066327792,TRUE
132,1965,0,FALSE
132,1966,103.14578304576,TRUE
132,1967,1111.730375419524,TRUE
132,1968,55.343251730403,TRUE
132,1969,76.668010884738,TRUE
132,1970,0,FALSE
132,1971,5200.956037232109,TRUE
132,1972,19.382824299636003,TRUE
132,1973,0,FALSE
132,1974,1111.7303754195239,TRUE
132,1975,984.2167449926282,TRUE
132,1976,1621.0565957813221,TRUE
132,1977,1509.661141782066,TRUE
132,1978,118.903786204959,TRUE
132,1979,227.40993323999996,TRUE
132,1980,172.27892784375,TRUE
132,1981,0,FALSE
132,1982,370.7835263999999,TRUE
132,1983,1378.0699987949997,TRUE
132,1984,40.79625209648819,TRUE
132,1985,74.20569975,TRUE
132,1986,16.599265199999998,TRUE
132,1987,77.67636912,TRUE
132,1988,0,FALSE
132,1989,0,FALSE
132,1990,0,FALSE
132,1991,6.8497569,TRUE
132,1992,121.48629884999998,TRUE
132,1993,0,FALSE
132,1994,0,FALSE
132,1995,0,FALSE
132,1996,123.10552799999998,TRUE
132,1997,0,FALSE
132,1998,0,FALSE
132,1999,20.7490815,TRUE
132,2000,7.1851161375,TRUE
132,2001,0,FALSE
132,2002,0,FALSE
132,2003,0,FALSE
132,2004,62.77877527962347,TRUE
132,2005,0,FALSE
132,2006,0,FALSE
132,2007,0,FALSE
132,2008,0,FALSE
132,2009,0,FALSE
132,2010,0,FALSE
132,2011,0,FALSE
132,2012,0,FALSE
132,2013,0,FALSE
132,2014,0,FALSE
132,2015,0,FALSE
132,2016,0,FALSE
132,2017,0,FALSE
132,2018,0,FALSE
132,2019,0,FALSE
132,2020,0,FALSE
132,2021,0,FALSE
132,2022,0,FALSE
132,2023,0,FALSE
132,2024,0,FALSE
132,2025,0,FALSE
135,1951,151.393417780696,TRUE
135,1952,17.541948516092,TRUE
135,1953,0,FALSE
135,1954,600.406224424236,TRUE
135,1955,514.902364607952,TRUE
135,1956,207.223988184888,TRUE
135,1957,0,FALSE
135,1958,0,FALSE
135,1959,1256.7270525456638,TRUE
135,1960,15079.170030052366,TRUE
135,1961,4909.186471271703,TRUE
135,1962,303.603902644456,TRUE
135,1963,43.22173133570399,TRUE
135,1964,5550.740419681135,TRUE
135,1965,11918.870669628279,TRUE
135,1966,434.176773929636,TRUE
135,1967,17.541948516092,TRUE
135,1968,143.851316344068,TRUE
135,1969,1095.12215213224,TRUE
135,1970,251.620405487808,TRUE
135,1971,2472.036842729588,TRUE
135,1972,4720.267143606628,TRUE
135,1973,1460.142836862696,TRUE
135,1974,85.50385981628399,TRUE
135,1975,3001.6701171463355,TRUE
135,1976,401.0075793649041,TRUE
135,1977,1373.6993741912877,TRUE
135,1978,1725.262636204544,TRUE
135,1979,1984.02301896,TRUE
135,1980,4310.940674465999,TRUE
135,1981,601.465249416,TRUE
135,1982,6637.569959824,TRUE
135,1983,11880.95908003,TRUE
135,1984,0,FALSE
135,1985,0,FALSE
135,1986,0,FALSE
135,1987,3366.4476768,TRUE
135,1988,0,FALSE
135,1989,0,FALSE
135,1990,0,FALSE
135,1991,0,FALSE
135,1992,0,FALSE
135,1993,1040.3678226925426,TRUE
135,1994,0,FALSE
135,1995,0,FALSE
135,1996,0,FALSE
135,1997,0,FALSE
135,1998,0,FALSE
135,1999,0,FALSE
135,2000,0,FALSE
135,2001,0,FALSE
135,2002,1789.7131020142292,TRUE
135,2003,0,FALSE
135,2004,0,FALSE
135,2005,0,FALSE
135,2006,0,FALSE
135,2007,0,FALSE
135,2008,0,FALSE
135,2009,0,FALSE
135,2010,0,FALSE
135,2011,0,FALSE
135,2012,0,FALSE
135,2013,0,FALSE
135,2014,0,FALSE
135,2015,12350.874155044663,TRUE
135,2016,57.56625331455601,TRUE
135,2017,0,FALSE
135,2018,0,FALSE
135,2019,0,FALSE
135,2020,1080.4861821672782,TRUE
135,2021,0,FALSE
135,2022,0,FALSE
135,2023,0,FALSE
135,2024,0,FALSE
135,2025,0,FALSE
141,1951,0,FALSE
141,1952,0,FALSE
141,1953,0,FALSE
141,1954,0,FALSE
141,1955,6844.141162155024,TRUE
141,1956,0,FALSE
141,1957,0,FALSE
141,1958,0,FALSE
141,1959,403.66035244288,TRUE
141,1960,0,FALSE
141,1961,0,FALSE
141,1962,0,FALSE
141,1963,0,FALSE
141,1964,0,FALSE
141,1965,0,FALSE
141,1966,0,FALSE
141,1967,0,FALSE
141,1968,0,FALSE
141,1969,0,FALSE
141,1970,0,FALSE
141,1971,0,FALSE
141,1972,0,FALSE
141,1973,0,FALSE
141,1974,0,FALSE
141,1975,0,FALSE
141,1976,0,FALSE
141,1977,0,FALSE
141,1978,0,FALSE
141,1979,0,FALSE
141,1980,0,FALSE
141,1981,0,FALSE
141,1982,0,FALSE
141,1983,1534.1219526,TRUE
141,1984,0,FALSE
141,1985,0,FALSE
141,1986,0,FALSE
141,1987,0,FALSE
141,1988,0,FALSE
141,1989,55.31779581250001,TRUE
141,1990,4344.370409285488,TRUE
141,1991,0,FALSE
141,1992,3601.4074179854265,TRUE
141,1993,0,FALSE
141,1994,2230.0411302027865,TRUE
141,1995,0,FALSE
141,1996,0,FALSE
141,1997,0,FALSE
141,1998,0,FALSE
141,1999,10157.16599640621,TRUE
141,2000,212.0916263925822,TRUE
141,2001,20793.187693465217,TRUE
141,2002,29302.39120906104,TRUE
141,2003,0,FALSE
141,2004,3374.94806831767,TRUE
141,2005,587.4795948524566,TRUE
141,2006,0,FALSE
141,2007,0,FALSE
141,2008,386.9470027612479,TRUE
141,2009,0,FALSE
141,2010,100.02681781805211,TRUE
141,2011,26.897728403403097,TRUE
141,2012,4426.112410403342,TRUE
141,2013,4642.313234975112,TRUE
141,2014,25543.805028633244,TRUE
141,2015,23173.51859658233,TRUE
141,2016,11558.730359899335,TRUE
141,2017,15739.473743060946,TRUE
141,2018,1313.6602519616345,TRUE
141,2019,888.3337492560559,TRUE
141,2020,13530.714740639383,TRUE
141,2021,13872.819143335568,TRUE
141,2022,12902.725883830339,TRUE
141,2023,15247.43262859963,TRUE
141,2024,184.46253465234668,TRUE
141,2025,8335.612023418202,TRUE
142,1951,46820.94234054501,TRUE
142,1952,18877.54749521566,TRUE
142,1953,30192.591055132412,TRUE
142,1954,30957.936483304868,TRUE
142,1955,4495.051904619232,TRUE
142,1956,4376.457017294556,TRUE
142,1957,851.244105331148,TRUE
142,1958,787.3979478536719,TRUE
142,1959,19899.87245080465,TRUE
142,1960,14927.053377215134,TRUE
142,1961,13694.39219757746,TRUE
142,1962,14343.364832227027,TRUE
142,1963,824.424277739382,TRUE
142,1964,9542.574924623468,TRUE
142,1965,6398.109333935434,TRUE
142,1966,217.22123813544,TRUE
142,1967,1848.359754733824,TRUE
142,1968,0,FALSE
142,1969,0,FALSE
142,1970,0,FALSE
142,1971,155.391348999502,TRUE
142,1972,219.42224764096005,TRUE
142,1973,0,FALSE
142,1974,617.712433983336,TRUE
142,1975,10533.535218723284,TRUE
142,1976,473.63555349446403,TRUE
142,1977,19315.33779201274,TRUE
142,1978,42329.69075111344,TRUE
142,1979,22378.978879956463,TRUE
142,1980,46468.553852192694,TRUE
142,1981,21340.85896904744,TRUE
142,1982,24929.558690893224,TRUE
142,1983,17985.587438881754,TRUE
142,1984,10196.357419927766,TRUE
142,1985,12059.05904686933,TRUE
142,1986,30791.430042258977,TRUE
142,1987,24438.226453634634,TRUE
142,1988,17675.46966131086,TRUE
142,1989,44861.99713132427,TRUE
142,1990,39154.950675920656,TRUE
142,1991,42182.33186830662,TRUE
142,1992,70723.19240863806,TRUE
142,1993,56482.55492259193,TRUE
142,1994,50554.52693064847,TRUE
142,1995,34812.41179010634,TRUE
142,1996,59788.85699907737,TRUE
142,1997,50311.35368964358,TRUE
142,1998,58142.87854337676,TRUE
142,1999,44378.013108548636,TRUE
142,2000,38684.647354259985,TRUE
142,2001,54140.18519301851,TRUE
142,2002,38645.806391648955,TRUE
142,2003,75934.59724706136,TRUE
142,2004,61381.20718077197,TRUE
142,2005,60729.66254089791,TRUE
142,2006,28088.01757215963,TRUE
142,2007,25891.29293417924,TRUE
142,2008,22737.093732466543,TRUE
142,2009,13340.161141115104,TRUE
142,2010,18296.659526113923,TRUE
142,2011,25096.32458860518,TRUE
142,2012,33587.00457012209,TRUE
142,2013,47548.13343036867,TRUE
142,2014,59664.642724040816,TRUE
142,2015,26592.91525316403,TRUE
142,2016,95908.70002856257,TRUE
142,2017,23076.670818014914,TRUE
142,2018,14390.221468165737,TRUE
142,2019,58644.69769320155,TRUE
142,2020,34190.01089159756,TRUE
142,2021,20207.08254859144,TRUE
142,2022,67261.76784119883,TRUE
142,2023,21330.173587052137,TRUE
142,2024,23473.357883125227,TRUE
142,2025,39394.83481558755,TRUE
143,1951,0,FALSE
143,1952,31832.4832299553,TRUE
143,1953,19241.69773940614,TRUE
143,1954,6800.080848860406,TRUE
143,1955,15073.34488926145,TRUE
143,1956,6363.143604348899,TRUE
143,1957,13222.43489246058,TRUE
143,1958,2109.99085479524,TRUE
143,1959,10626.776593807086,TRUE
143,1960,5301.187823521655,TRUE
143,1961,984.6347835193999,TRUE
143,1962,1317.4519156037281,TRUE
143,1963,11078.31111067858,TRUE
143,1964,29.887093556136,TRUE
143,1965,0,FALSE
143,1966,0,FALSE
143,1967,0,FALSE
143,1968,1828.2314127614638,TRUE
143,1969,0,FALSE
143,1970,0,FALSE
143,1971,5128.1013934630255,TRUE
143,1972,907.4457590831358,TRUE
143,1973,1408.0409838481921,TRUE
143,1974,7766.706246535007,TRUE
143,1975,12713.020127447242,TRUE
143,1976,16512.04912487523,TRUE
143,1977,19714.614711284554,TRUE
143,1978,19982.72246505984,TRUE
143,1979,12618.879575791525,TRUE
143,1980,6271.131516053995,TRUE
143,1981,4342.331134475,TRUE
143,1982,27965.353655812003,TRUE
143,1983,8488.51816975,TRUE
143,1984,1769.5116400000002,TRUE
143,1985,1568.8661192478467,TRUE
143,1986,3839.5037475350528,TRUE
143,1987,2470.262788871471,TRUE
143,1988,838.405110936493,TRUE
143,1989,10935.923822900286,TRUE
143,1990,9342.457456570097,TRUE
143,1991,0,FALSE
143,1992,905.659586575,TRUE
143,1993,12514.675780875457,TRUE
143,1994,9819.371795091341,TRUE
143,1995,23638.13384145715,TRUE
143,1996,9557.311747746831,TRUE
143,1997,1479.4303276168484,TRUE
143,1998,7515.503226452553,TRUE
143,1999,19584.420370535478,TRUE
143,2000,23070.64569289519,TRUE
143,2001,17849.98319863276,TRUE
143,2002,17110.655538149378,TRUE
143,2003,41487.88177856221,TRUE
143,2004,21007.76242809986,TRUE
143,2005,32953.60216493769,TRUE
143,2006,17015.817679272895,TRUE
143,2007,10362.94518167335,TRUE
143,2008,6242.89435186537,TRUE
143,2009,33028.38957792237,TRUE
143,2010,8342.474781945533,TRUE
143,2011,29142.908638229033,TRUE
143,2012,8067.36524166293,TRUE
143,2013,20977.652383487868,TRUE
143,2014,26385.64341716344,TRUE
143,2015,26627.84746560354,TRUE
143,2016,7485.528029689768,TRUE
143,2017,33632.747600036906,TRUE
143,2018,75702.49517574595,TRUE
143,2019,1936.6048792728843,TRUE
143,2020,49442.211120823216,TRUE
143,2021,17373.9156042085,TRUE
143,2022,1648.271743873868,TRUE
143,2023,25867.631342453282,TRUE
143,2024,36649.47108648618,TRUE
143,2025,30578.410510808688,TRUE
151,1951,64.53656917344,TRUE
151,1952,0,FALSE
151,1953,0,FALSE
151,1954,0,FALSE
151,1955,0,FALSE
151,1956,0,FALSE
151,1957,0,FALSE
151,1958,0,FALSE
151,1959,51.57289152288,TRUE
151,1960,0,FALSE
151,1961,0,FALSE
151,1962,0,FALSE
151,1963,0,FALSE
151,1964,0,FALSE
151,1965,0,FALSE
151,1966,0,FALSE
151,1967,203.357374084872,TRUE
151,1968,0,FALSE
151,1969,1594.7757104311625,TRUE
151,1970,555.8651877097619,TRUE
151,1971,0,FALSE
151,1972,0,FALSE
151,1973,0,FALSE
151,1974,0,FALSE
151,1975,0,FALSE
151,1976,0,FALSE
151,1977,0,FALSE
151,1978,0,FALSE
151,1979,0,FALSE
151,1980,0,FALSE
151,1981,0,FALSE
151,1982,0,FALSE
151,1983,0,FALSE
151,1984,0,FALSE
151,1985,0,FALSE
151,1986,0,FALSE
151,1987,0,FALSE
151,1988,0,FALSE
151,1989,0,FALSE
151,1990,0,FALSE
151,1991,0,FALSE
151,1992,0,FALSE
151,1993,0,FALSE
151,1994,0,FALSE
151,1995,0,FALSE
151,1996,0,FALSE
151,1997,0,FALSE
151,1998,0,FALSE
151,1999,0,FALSE
151,2000,90.70626726,TRUE
151,2001,0,FALSE
151,2002,0,FALSE
151,2003,208.4070303,TRUE
151,2004,268.1314544088279,TRUE
151,2005,147.307781817,TRUE
151,2006,0,FALSE
151,2007,0,FALSE
151,2008,0,FALSE
151,2009,0,FALSE
151,2010,0,FALSE
151,2011,0,FALSE
151,2012,0,FALSE
151,2013,0,FALSE
151,2014,0,FALSE
151,2015,0,FALSE
151,2016,0,FALSE
151,2017,0,FALSE
151,2018,0,FALSE
151,2019,0,FALSE
151,2020,0,FALSE
151,2021,58.8193694549195,TRUE
151,2022,0,FALSE
151,2023,0,FALSE
151,2024,0,FALSE
151,2025,133.82066924829567,TRUE
152,1951,1035.837964977174,TRUE
152,1952,1165.975440473403,TRUE
152,1953,1676.150139001101,TRUE
152,1954,1322.585451661688,TRUE
152,1955,603.5998369248481,TRUE
152,1956,0,FALSE
152,1957,1372.4903278284378,TRUE
152,1958,0,FALSE
152,1959,502.66533346016,TRUE
152,1960,308.87618574002994,TRUE
152,1961,393.03296779974494,TRUE
152,1962,749.6843144564639,TRUE
152,1963,76.89621267328,TRUE
152,1964,198.85222515303602,TRUE
152,1965,471.149693302743,TRUE
152,1966,2.7634576429460003,TRUE
152,1967,37.17924298816,TRUE
152,1968,466.359692112886,TRUE
152,1969,1741.4834134778162,TRUE
152,1970,7308.392047172543,TRUE
152,1971,4681.824723411848,TRUE
152,1972,2342.942066581391,TRUE
152,1973,2814.6832647470005,TRUE
152,1974,743.128473907432,TRUE
152,1975,4760.726030458664,TRUE
152,1976,900.542982133768,TRUE
152,1977,1221.032540547686,TRUE
152,1978,613.4647260469291,TRUE
152,1979,6537.398651553999,TRUE
152,1980,585.2599648138175,TRUE
152,1981,1340.2004246759998,TRUE
152,1982,1370.3638228026537,TRUE
152,1983,1010.1251872408795,TRUE
152,1984,1185.7961400354636,TRUE
152,1985,2979.7119484308605,TRUE
152,1986,486.45528,TRUE
152,1987,1183.0805255999999,TRUE
152,1988,581.511384,TRUE
152,1989,234.89306717239617,TRUE
152,1990,239.6371714,TRUE
152,1991,0,FALSE
152,1992,111.65180118208866,TRUE
152,1993,0,FALSE
152,1994,0,FALSE
152,1995,0,FALSE
152,1996,0,FALSE
152,1997,0,FALSE
152,1998,785.7663024,TRUE
152,1999,0,FALSE
152,2000,242.7017473053185,TRUE
152,2001,0,FALSE
152,2002,0,FALSE
152,2003,0,FALSE
152,2004,0,FALSE
152,2005,0,FALSE
152,2006,0,FALSE
152,2007,0,FALSE
152,2008,0,FALSE
152,2009,0,FALSE
152,2010,0,FALSE
152,2011,0,FALSE
152,2012,0,FALSE
152,2013,0,FALSE
152,2014,1476.5598806331377,TRUE
152,2015,1496.1513778105286,TRUE
152,2016,0,FALSE
152,2017,0,FALSE
152,2018,0,FALSE
152,2019,0,FALSE
152,2020,12391.156053866465,TRUE
152,2021,1569.4875133459161,TRUE
152,2022,658.2031732385967,TRUE
152,2023,985.0499332401953,TRUE
152,2024,9508.062712362414,TRUE
152,2025,0,FALSE
162,1951,303.77673167316294,TRUE
162,1952,0,FALSE
162,1953,0,FALSE
162,1954,0,FALSE
162,1955,0,FALSE
162,1956,0,FALSE
162,1957,0,FALSE
162,1958,0,FALSE
162,1959,103.14578304576,TRUE
162,1960,872.799527653767,TRUE
162,1961,1176.764879473596,TRUE
162,1962,1309.2537243393722,TRUE
162,1963,515.16527707008,TRUE
162,1964,128.79131926752,TRUE
162,1965,412.01949402432,TRUE
162,1966,76.668010884738,TRUE
162,1967,173.498319311184,TRUE
162,1968,718.729080302898,TRUE
162,1969,25.64553622176,TRUE
162,1970,778.4545298342399,TRUE
162,1971,2779.32593854881,TRUE
162,1972,953.11212639552,TRUE
162,1973,0,FALSE
162,1974,0,FALSE
162,1975,1153.661204749473,TRUE
162,1976,0,FALSE
162,1977,269.60179651776,TRUE
162,1978,0,FALSE
162,1979,0,FALSE
162,1980,0,FALSE
162,1981,0,FALSE
162,1982,0,FALSE
162,1983,0,FALSE
162,1984,0,FALSE
162,1985,0,FALSE
162,1986,0,FALSE
162,1987,0,FALSE
162,1988,0,FALSE
162,1989,0,FALSE
162,1990,0,FALSE
162,1991,0,FALSE
162,1992,0,FALSE
162,1993,0,FALSE
162,1994,0,FALSE
162,1995,0,FALSE
162,1996,0,FALSE
162,1997,0,FALSE
162,1998,0,FALSE
162,1999,0,FALSE
162,2000,0,FALSE
162,2001,0,FALSE
162,2002,0,FALSE
162,2003,0,FALSE
162,2004,0,FALSE
162,2005,0,FALSE
162,2006,0,FALSE
162,2007,0,FALSE
162,2008,0,FALSE
162,2009,0,FALSE
162,2010,0,FALSE
162,2011,0,FALSE
162,2012,0,FALSE
162,2013,0,FALSE
162,2014,0,FALSE
162,2015,0,FALSE
162,2016,0,FALSE
162,2017,0,FALSE
162,2018,0,FALSE
162,2019,0,FALSE
162,2020,0,FALSE
162,2021,0,FALSE
162,2022,0,FALSE
162,2023,0,FALSE
162,2024,0,FALSE
162,2025,0,FALSE
163,1951,58.373313944795996,TRUE
163,1952,179.76800699272803,TRUE
163,1953,52.14757995734399,TRUE
163,1954,136.84565557016998,TRUE
163,1955,64.78331705116199,TRUE
163,1956,2.7806219761319997,TRUE
163,1957,32.42175402987,TRUE
163,1958,276.399293147964,TRUE
163,1959,106.17822530175602,TRUE
163,1960,809.3291607057781,TRUE
163,1961,445.398407680392,TRUE
163,1962,454.079745516852,TRUE
163,1963,1542.8879810090639,TRUE
163,1964,597.94505156538,TRUE
163,1965,570.84462152622,TRUE
163,1966,331.222113205992,TRUE
163,1967,672.115361534856,TRUE
163,1968,256.701820666824,TRUE
163,1969,648.95265136908,TRUE
163,1970,1046.192739810372,TRUE
163,1971,352.45808617552194,TRUE
163,1972,320.525927415864,TRUE
163,1973,193.20318284803196,TRUE
163,1974,14.73511186368,TRUE
163,1975,176.23654331540394,TRUE
163,1976,27.238145957118,TRUE
163,1977,29.010374799354,TRUE
163,1978,0,FALSE
163,1979,0,FALSE
163,1980,0,FALSE
163,1981,0,FALSE
163,1982,0,FALSE
163,1983,0,FALSE
163,1984,0,FALSE
163,1985,0,FALSE
163,1986,0,FALSE
163,1987,3.09869955,TRUE
163,1988,0,FALSE
163,1989,0,FALSE
163,1990,0,FALSE
163,1991,0,FALSE
163,1992,0,FALSE
163,1993,0,FALSE
163,1994,0,FALSE
163,1995,0,FALSE
163,1996,91.2388698,TRUE
163,1997,37.21008078,TRUE
163,1998,0,FALSE
163,1999,0,FALSE
163,2000,0,FALSE
163,2001,1433.9569779947794,TRUE
163,2002,0,FALSE
163,2003,0,FALSE
163,2004,0,FALSE
163,2005,184.66172610088927,TRUE
163,2006,0,FALSE
163,2007,0,FALSE
163,2008,0,FALSE
163,2009,0,FALSE
163,2010,0,FALSE
163,2011,0,FALSE
163,2012,0,FALSE
163,2013,0,FALSE
163,2014,713.3048382173121,TRUE
163,2015,0,FALSE
163,2016,0,FALSE
163,2017,0,FALSE
163,2018,137.46969445344158,TRUE
163,2019,0,FALSE
163,2020,0,FALSE
163,2021,0,FALSE
163,2022,0,FALSE
163,2023,0,FALSE
163,2024,0,FALSE
163,2025,0,FALSE
164,1951,0,FALSE
164,1952,0,FALSE
164,1953,0,FALSE
164,1954,0,FALSE
164,1955,0,FALSE
164,1956,0,FALSE
164,1957,0,FALSE
164,1958,91.207965717099,TRUE
164,1959,102.68694361856697,TRUE
164,1960,2001.793339144368,TRUE
164,1961,4620.300787823112,TRUE
164,1962,1540.100262607704,TRUE
164,1963,3573.0663094744377,TRUE
164,1964,206.00974701216,TRUE
164,1965,4428.975352466826,TRUE
164,1966,1945.5281569841668,TRUE
164,1967,2033.57374084872,TRUE
164,1968,154.43685548928,TRUE
164,1969,1968.4334899852563,TRUE
164,1970,833.797781564643,TRUE
164,1971,0,FALSE
164,1972,406.714748169744,TRUE
164,1973,0,FALSE
164,1974,386.37395780256,TRUE
164,1975,456.164600084424,TRUE
164,1976,547.7162996932828,TRUE
164,1977,103.14578304576,TRUE
164,1978,103.14578304576,TRUE
164,1979,0,FALSE
164,1980,0,FALSE
164,1981,0,FALSE
164,1982,0,FALSE
164,1983,0,FALSE
164,1984,0,FALSE
164,1985,0,FALSE
164,1986,0,FALSE
164,1987,0,FALSE
164,1988,0,FALSE
164,1989,0,FALSE
164,1990,0,FALSE
164,1991,0,FALSE
164,1992,0,FALSE
164,1993,0,FALSE
164,1994,0,FALSE
164,1995,0,FALSE
164,1996,0,FALSE
164,1997,0,FALSE
164,1998,0,FALSE
164,1999,0,FALSE
164,2000,0,FALSE
164,2001,0,FALSE
164,2002,0,FALSE
164,2003,0,FALSE
164,2004,0,FALSE
164,2005,0,FALSE
164,2006,0,FALSE
164,2007,0,FALSE
164,2008,0,FALSE
164,2009,0,FALSE
164,2010,0,FALSE
164,2011,0,FALSE
164,2012,0,FALSE
164,2013,0,FALSE
164,2014,0,FALSE
164,2015,0,FALSE
164,2016,0,FALSE
164,2017,0,FALSE
164,2018,0,FALSE
164,2019,0,FALSE
164,2020,0,FALSE
164,2021,0,FALSE
164,2022,0,FALSE
164,2023,0,FALSE
164,2024,0,FALSE
164,2025,0,FALSE
165,1951,1748.78442046728,TRUE
165,1952,2501.393344693929,TRUE
165,1953,2999.2899852628652,TRUE
165,1954,3923.131608590419,TRUE
165,1955,2406.296533659858,TRUE
165,1956,1301.5761908057998,TRUE
165,1957,461.693076536664,TRUE
165,1958,978.5416707056968,TRUE
165,1959,1384.6734994525018,TRUE
165,1960,203.47337529792,TRUE
165,1961,940.8902533616879,TRUE
165,1962,315.256063709601,TRUE
165,1963,3293.5518349092454,TRUE
165,1964,186.182925362721,TRUE
165,1965,103.14578304576,TRUE
165,1966,342.46916302832096,TRUE
165,1967,166.63792279264197,TRUE
165,1968,1214.876158465284,TRUE
165,1969,624.172117090725,TRUE
165,1970,1778.890234191525,TRUE
165,1971,125.395356423645,TRUE
165,1972,128.79131926752,TRUE
165,1973,0,FALSE
165,1974,22.833184304006995,TRUE
165,1975,0,FALSE
165,1976,277.93259385488096,TRUE
165,1977,57.02057501055299,TRUE
165,1978,0,FALSE
165,1979,0,FALSE
165,1980,644.8814530199999,TRUE
165,1981,172.40623848,TRUE
165,1982,128.66137200000003,TRUE
165,1983,0,FALSE
165,1984,0,FALSE
165,1985,0,FALSE
165,1986,0,FALSE
165,1987,62.941725,TRUE
165,1988,0,FALSE
165,1989,0,FALSE
165,1990,0,FALSE
165,1991,0,FALSE
165,1992,0,FALSE
165,1993,0,FALSE
165,1994,0,FALSE
165,1995,0,FALSE
165,1996,0,FALSE
165,1997,0,FALSE
165,1998,0,FALSE
165,1999,0,FALSE
165,2000,0,FALSE
165,2001,0,FALSE
165,2002,0,FALSE
165,2003,0,FALSE
165,2004,0,FALSE
165,2005,0,FALSE
165,2006,0,FALSE
165,2007,0,FALSE
165,2008,0,FALSE
165,2009,0,FALSE
165,2010,0,FALSE
165,2011,0,FALSE
165,2012,0,FALSE
165,2013,0,FALSE
165,2014,0,FALSE
165,2015,0,FALSE
165,2016,0,FALSE
165,2017,0,FALSE
165,2018,0,FALSE
165,2019,0,FALSE
165,2020,145.88128415315938,TRUE
165,2021,0,FALSE
165,2022,0,FALSE
165,2023,0,FALSE
165,2024,0,FALSE
165,2025,0,FALSE
172,1951,8327.672790498485,TRUE
172,1952,4895.76589929191,TRUE
172,1953,11764.550081765048,TRUE
172,1954,1915.3837829301751,TRUE
172,1955,4251.950691421869,TRUE
172,1956,3473.1822848841507,TRUE
172,1957,5008.734867016854,TRUE
172,1958,2665.7631616566237,TRUE
172,1959,1012.1663140060082,TRUE
172,1960,4067.3594565201306,TRUE
172,1961,1069.6044630453478,TRUE
172,1962,2730.6769678285436,TRUE
172,1963,770.9854280294401,TRUE
172,1964,412.725554510136,TRUE
172,1965,290.181369869685,TRUE
172,1966,130.83562592256,TRUE
172,1967,188.773336379628,TRUE
172,1968,1417.175842980852,TRUE
172,1969,2038.7805225372267,TRUE
172,1970,6388.386428683005,TRUE
172,1971,4412.633036620548,TRUE
172,1972,5275.878640750842,TRUE
172,1973,3617.04052393632,TRUE
172,1974,11127.085157459256,TRUE
172,1975,13690.456617810198,TRUE
172,1976,5793.340038290618,TRUE
172,1977,2919.2341168473604,TRUE
172,1978,3971.5701658244816,TRUE
172,1979,1679.4747273584999,TRUE
172,1980,3327.6362703285,TRUE
172,1981,1721.8000908834,TRUE
172,1982,2360.480285885142,TRUE
172,1983,294.25524,TRUE
172,1984,60.855804673568755,TRUE
172,1985,0,FALSE
172,1986,413.31755111560295,TRUE
172,1987,602.4227453999999,TRUE
172,1988,0,FALSE
172,1989,0,FALSE
172,1990,0,FALSE
172,1991,0,FALSE
172,1992,232.27351799999997,TRUE
172,1993,8225.085357287677,TRUE
172,1994,0,FALSE
172,1995,2723.136583814162,TRUE
172,1996,560.1035184421637,TRUE
172,1997,1581.8094834458807,TRUE
172,1998,6830.206444123505,TRUE
172,1999,5406.731738455359,TRUE
172,2000,7183.332494290166,TRUE
172,2001,337.1830275715703,TRUE
172,2002,20449.626961528727,TRUE
172,2003,15280.924308369325,TRUE
172,2004,29197.31884805006,TRUE
172,2005,1110.0889691004813,TRUE
172,2006,0,FALSE
172,2007,987.8638044963669,TRUE
172,2008,134.3681800935965,TRUE
172,2009,2948.2005038371926,TRUE
172,2010,17847.05360674149,TRUE
172,2011,28917.19285252459,TRUE
172,2012,3351.48481562489,TRUE
172,2013,4493.510785523695,TRUE
172,2014,2965.401191246177,TRUE
172,2015,1649.2350859378369,TRUE
172,2016,13182.551211324533,TRUE
172,2017,1650.2360781584123,TRUE
172,2018,0.06686821966657525,TRUE
172,2019,799.2461586217927,TRUE
172,2020,3831.4350288666506,TRUE
172,2021,16993.6807427284,TRUE
172,2022,0,FALSE
172,2023,9889.82185299874,TRUE
172,2024,4419.423915536688,TRUE
172,2025,7420.009001693529,TRUE
173,1951,1953.3518030097957,TRUE
173,1952,6478.319787379751,TRUE
173,1953,26843.219681865117,TRUE
173,1954,22744.628974078936,TRUE
173,1955,11521.90297713824,TRUE
173,1956,1847.6446296645963,TRUE
173,1957,748.5422360432631,TRUE
173,1958,2278.6628555643692,TRUE
173,1959,6156.4894213040325,TRUE
173,1960,3599.4607796862133,TRUE
173,1961,3740.281264221391,TRUE
173,1962,2110.555078014539,TRUE
173,1963,1943.7695776732069,TRUE
173,1964,1272.174677794585,TRUE
173,1965,509.134134053356,TRUE
173,1966,405.34232028160005,TRUE
173,1967,168.260975585642,TRUE
173,1968,513.6538189888269,TRUE
173,1969,293.514062006254,TRUE
173,1970,903.792683478451,TRUE
173,1971,831.0066576906249,TRUE
173,1972,364.37495931851,TRUE
173,1973,840.127627061319,TRUE
173,1974,2949.982578245904,TRUE
173,1975,5521.234689967372,TRUE
173,1976,5502.6588500627095,TRUE
173,1977,1210.18688037426,TRUE
173,1978,4066.116816292014,TRUE
173,1979,3214.7712248674998,TRUE
173,1980,4675.454973356001,TRUE
173,1981,4119.4280152513,TRUE
173,1982,2659.029867751938,TRUE
173,1983,4647.524745000001,TRUE
173,1984,4150.4222227499995,TRUE
173,1985,7374.951516414489,TRUE
173,1986,5408.750934348044,TRUE
173,1987,8413.03337598979,TRUE
173,1988,4961.136338851263,TRUE
173,1989,2720.13447352675,TRUE
173,1990,14068.24174280964,TRUE
173,1991,2845.7457102595085,TRUE
173,1992,5632.4584476267355,TRUE
173,1993,11181.457236441902,TRUE
173,1994,4462.963504502455,TRUE
173,1995,2496.2252713886996,TRUE
173,1996,1195.1475962770082,TRUE
173,1997,3028.9117505136096,TRUE
173,1998,815.5574082245272,TRUE
173,1999,5056.9080756738595,TRUE
173,2000,2006.8406941868016,TRUE
173,2001,2353.6199193235143,TRUE
173,2002,3475.3483041048867,TRUE
173,2003,17476.97419452471,TRUE
173,2004,4987.059562901067,TRUE
173,2005,5849.504843564428,TRUE
173,2006,5144.990178841521,TRUE
173,2007,884.2556967273152,TRUE
173,2008,3876.54586286223,TRUE
173,2009,1970.2458906676873,TRUE
173,2010,5354.285473179321,TRUE
173,2011,1258.343682865771,TRUE
173,2012,1707.919965903544,TRUE
173,2013,1184.1825318527067,TRUE
173,2014,909.5906789428244,TRUE
173,2015,8465.802328592963,TRUE
173,2016,1080.8342173649387,TRUE
173,2017,0,FALSE
173,2018,0,FALSE
173,2019,0,FALSE
173,2020,822.2483375127509,TRUE
173,2021,0,FALSE
173,2022,1653.7915423753016,TRUE
173,2023,942.9309456999999,TRUE
173,2024,7505.491672634953,TRUE
173,2025,11125.922153975938,TRUE
181,1951,5.213336121916999,TRUE
181,1952,103.08547956407199,TRUE
181,1953,114.89676795683803,TRUE
181,1954,45.19403257938099,TRUE
181,1955,357.472635517252,TRUE
181,1956,92.26463658242201,TRUE
181,1957,101.50159680454401,TRUE
181,1958,705.4876475528081,TRUE
181,1959,354.76746502229395,TRUE
181,1960,265.913766773165,TRUE
181,1961,129.796075326987,TRUE
181,1962,301.04190520348106,TRUE
181,1963,491.3052347570801,TRUE
181,1964,478.88260073060394,TRUE
181,1965,212.61736505859298,TRUE
181,1966,89.45371757494001,TRUE
181,1967,106.79281327752601,TRUE
181,1968,451.88813525172907,TRUE
181,1969,558.034328281647,TRUE
181,1970,959.1447067378211,TRUE
181,1971,457.0049287411039,TRUE
181,1972,358.77524120259295,TRUE
181,1973,369.005614605224,TRUE
181,1974,610.865860335894,TRUE
181,1975,584.72741852658,TRUE
181,1976,66.079154567339,TRUE
181,1977,68.866437303958,TRUE
181,1978,227.66163288479598,TRUE
181,1979,84.20600276357966,TRUE
181,1980,137.04414192537052,TRUE
181,1981,141.6024692592175,TRUE
181,1982,48.51949319587658,TRUE
181,1983,11.856617999999996,TRUE
181,1984,0,FALSE
181,1985,4.200839943153254,TRUE
181,1986,35.968801761194584,TRUE
181,1987,0,FALSE
181,1988,0,FALSE
181,1989,40.51891929063548,TRUE
181,1990,0,FALSE
181,1991,332.47445,TRUE
181,1992,0,FALSE
181,1993,173.70796487999996,TRUE
181,1994,0,FALSE
181,1995,1119.9080565266136,TRUE
181,1996,0,FALSE
181,1997,0,FALSE
181,1998,0,FALSE
181,1999,0,FALSE
181,2000,63.87725343569986,TRUE
181,2001,22.20373873069198,TRUE
181,2002,0,FALSE
181,2003,0,FALSE
181,2004,197.94037276310203,TRUE
181,2005,3.04312666022136,TRUE
181,2006,0,FALSE
181,2007,0.43103760379475353,TRUE
181,2008,71.563110974546575,TRUE
181,2009,13.733612198003197,TRUE
181,2010,0,FALSE
181,2011,0,FALSE
181,2012,0,FALSE
181,2013,34.677788686914695,TRUE
181,2014,0,FALSE
181,2015,0,FALSE
181,2016,0,FALSE
181,2017,0,FALSE
181,2018,0,FALSE
181,2019,0,FALSE
181,2020,0,FALSE
181,2021,0,FALSE
181,2022,0,FALSE
181,2023,0,FALSE
181,2024,0,FALSE
181,2025,0,FALSE
182,1951,0,FALSE
182,1952,5.739488950734001,TRUE
182,1953,0,FALSE
182,1954,0,FALSE
182,1955,252.03842783657998,TRUE
182,1956,295.52470836632097,TRUE
182,1957,11.354206402538995,TRUE
182,1958,45.541597109085004,TRUE
182,1959,1028.4114140232027,TRUE
182,1960,51.57289152288,TRUE
182,1961,22.833184304006995,TRUE
182,1962,0,FALSE
182,1963,77.21842774464,TRUE
182,1964,122.760024853725,TRUE
182,1965,2.2458869807219997,TRUE
182,1966,208.41292011550505,TRUE
182,1967,277.93259385488096,TRUE
182,1968,399.689791983216,TRUE
182,1969,353.47765646585697,TRUE
182,1970,1066.7369709019167,TRUE
182,1971,1137.9526370666367,TRUE
182,1972,935.6831387124479,TRUE
182,1973,1035.37825267968,TRUE
182,1974,852.0451276841279,TRUE
182,1975,923.9798869598428,TRUE
182,1976,111.40581845118601,TRUE
182,1977,497.66021361655197,TRUE
182,1978,78.737553822753,TRUE
182,1979,9.685400932971959,TRUE
182,1980,115.37202174749999,TRUE
182,1981,9.187300671877265,TRUE
182,1982,115.46991854999996,TRUE
182,1983,0,FALSE
182,1984,0,FALSE
182,1985,0,FALSE
182,1986,0,FALSE
182,1987,0,FALSE
182,1988,0,FALSE
182,1989,0,FALSE
182,1990,0,FALSE
182,1991,0,FALSE
182,1992,0,FALSE
182,1993,0,FALSE
182,1994,0,FALSE
182,1995,0,FALSE
182,1996,0,FALSE
182,1997,0,FALSE
182,1998,0,FALSE
182,1999,0,FALSE
182,2000,0,FALSE
182,2001,0,FALSE
182,2002,0,FALSE
182,2003,0,FALSE
182,2004,0,FALSE
182,2005,0,FALSE
182,2006,0,FALSE
182,2007,0,FALSE
182,2008,0,FALSE
182,2009,0,FALSE
182,2010,0,FALSE
182,2011,0,FALSE
182,2012,0,FALSE
182,2013,0,FALSE
182,2014,0,FALSE
182,2015,0,FALSE
182,2016,0,FALSE
182,2017,0,FALSE
182,2018,0,FALSE
182,2019,0,FALSE
182,2020,0,FALSE
182,2021,0,FALSE
182,2022,0,FALSE
182,2023,0,FALSE
182,2024,0,FALSE
182,2025,0,FALSE
191,1951,16.372560631056,TRUE
191,1952,8.437118788133999,TRUE
191,1953,0,FALSE
191,1954,0,FALSE
191,1955,15.52539817088,TRUE
191,1956,310.35089374772997,TRUE
191,1957,960.335246129438,TRUE
191,1958,171.92645007417997,TRUE
191,1959,705.31223851524,TRUE
191,1960,67.00784196952799,TRUE
191,1961,15.52539817088,TRUE
191,1962,57.00200934272,TRUE
191,1963,45.086112891519996,TRUE
191,1964,3.62637037568,TRUE
191,1965,0,FALSE
191,1966,0,FALSE
191,1967,44.753412702276,TRUE
191,1968,138.56269458176,TRUE
191,1969,203.82275156608003,TRUE
191,1970,118.644307235632,TRUE
191,1971,67.00784196952799,TRUE
191,1972,96.565617787572,TRUE
191,1973,0,FALSE
191,1974,0,FALSE
191,1975,0,FALSE
191,1976,0,FALSE
191,1977,0,FALSE
191,1978,0,FALSE
191,1979,0,FALSE
191,1980,0,FALSE
191,1981,0,FALSE
191,1982,0,FALSE
191,1983,0,FALSE
191,1984,0,FALSE
191,1985,0,FALSE
191,1986,0,FALSE
191,1987,0,FALSE
191,1988,0,FALSE
191,1989,0,FALSE
191,1990,0,FALSE
191,1991,0,FALSE
191,1992,0,FALSE
191,1993,152.2297784,TRUE
191,1994,0,FALSE
191,1995,0,FALSE
191,1996,0,FALSE
191,1997,0,FALSE
191,1998,0,FALSE
191,1999,0,FALSE
191,2000,520.7241661489811,TRUE
191,2001,2148.866033219426,TRUE
191,2002,1060.3839542482137,TRUE
191,2003,0,FALSE
191,2004,0,FALSE
191,2005,0,FALSE
191,2006,0,FALSE
191,2007,91.5800912,TRUE
191,2008,381.4544897457255,TRUE
191,2009,2224.3803650987884,TRUE
191,2010,0,FALSE
191,2011,0,FALSE
191,2012,114.10844253491942,TRUE
191,2013,0,FALSE
191,2014,0,FALSE
191,2015,0,FALSE
191,2016,0,FALSE
191,2017,0,FALSE
191,2018,0,FALSE
191,2019,0,FALSE
191,2020,0,FALSE
191,2021,0,FALSE
191,2022,0,FALSE
191,2023,0,FALSE
191,2024,0,FALSE
191,2025,0,FALSE
193,1951,20.462525824356003,TRUE
193,1952,0,FALSE
193,1953,0,FALSE
193,1954,0,FALSE
193,1955,0,FALSE
193,1956,0,FALSE
193,1957,0,FALSE
193,1958,0,FALSE
193,1959,68.37478141309201,TRUE
193,1960,0,FALSE
193,1961,0,FALSE
193,1962,0,FALSE
193,1963,0,FALSE
193,1964,0,FALSE
193,1965,0,FALSE
193,1966,0,FALSE
193,1967,0,FALSE
193,1968,0,FALSE
193,1969,22.833184304006995,TRUE
193,1970,5.739488950734001,TRUE
193,1971,0,FALSE
193,1972,28.572673254741,TRUE
193,1973,0,FALSE
193,1974,0,FALSE
193,1975,0,FALSE
193,1976,0,FALSE
193,1977,0,FALSE
193,1978,0,FALSE
193,1979,0,FALSE
193,1980,0,FALSE
193,1981,0,FALSE
193,1982,0,FALSE
193,1983,0,FALSE
193,1984,0,FALSE
193,1985,0,FALSE
193,1986,0,FALSE
193,1987,0,FALSE
193,1988,0,FALSE
193,1989,297.44646301432675,TRUE
193,1990,0,FALSE
193,1991,42.88712399999999,TRUE
193,1992,19.03701002344168,TRUE
193,1993,118.4781087,TRUE
193,1994,70.84100145939452,TRUE
193,1995,0,FALSE
193,1996,0,FALSE
193,1997,0,FALSE
193,1998,0,FALSE
193,1999,0,FALSE
193,2000,0,FALSE
193,2001,0,FALSE
193,2002,0,FALSE
193,2003,0,FALSE
193,2004,0,FALSE
193,2005,0,FALSE
193,2006,0,FALSE
193,2007,0,FALSE
193,2008,0,FALSE
193,2009,0,FALSE
193,2010,0,FALSE
193,2011,0,FALSE
193,2012,0,FALSE
193,2013,0,FALSE
193,2014,0,FALSE
193,2015,0,FALSE
193,2016,0,FALSE
193,2017,0,FALSE
193,2018,0,FALSE
193,2019,0,FALSE
193,2020,0,FALSE
193,2021,0,FALSE
193,2022,124.57894808487244,TRUE
193,2023,0,FALSE
193,2024,0,FALSE
193,2025,0,FALSE
280,1951,0,FALSE
280,1952,0,FALSE
280,1953,0,FALSE
280,1954,0,FALSE
280,1955,0,FALSE
280,1956,0,FALSE
280,1957,0,FALSE
280,1958,0,FALSE
280,1959,0,FALSE
280,1960,0,TRUE
280,1961,0,TRUE
280,1962,0,TRUE
280,1963,0,TRUE
280,1964,0,TRUE
280,1965,0,TRUE
280,1966,0,FALSE
280,1967,0,TRUE
280,1968,0,TRUE
280,1969,0,FALSE
280,1970,0,TRUE
280,1971,0,TRUE
280,1972,0,FALSE
280,1973,0,FALSE
280,1974,0,TRUE
280,1975,0,FALSE
280,1976,0,FALSE
280,1977,0,FALSE
280,1978,0,FALSE
280,1979,0,FALSE
280,1980,0,FALSE
280,1981,0,FALSE
280,1982,0,FALSE
280,1983,0,FALSE
280,1984,0,FALSE
280,1985,0,FALSE
280,1986,0,FALSE
280,1987,0,FALSE
280,1988,0,FALSE
280,1989,0,FALSE
280,1990,0,FALSE
280,1991,0,FALSE
280,1992,0,TRUE
280,1993,0,FALSE
280,1994,0,FALSE
280,1995,0,FALSE
280,1996,0,FALSE
280,1997,0,FALSE
280,1998,0,FALSE
280,1999,0,FALSE
280,2000,0,TRUE
280,2001,0,FALSE
280,2002,0,FALSE
280,2003,0,FALSE
280,2004,0,FALSE
280,2005,0,TRUE
280,2006,0,FALSE
280,2007,0,FALSE
280,2008,0,FALSE
280,2009,0,FALSE
280,2010,0,FALSE
280,2011,0,FALSE
280,2012,0,TRUE
280,2013,0,FALSE
280,2014,0,FALSE
280,2015,0,FALSE
280,2016,0,FALSE
280,2017,0,FALSE
280,2018,0,FALSE
280,2019,0,TRUE
280,2020,0,TRUE
280,2021,0,FALSE
280,2022,0,TRUE
280,2023,0,FALSE
280,2024,0,FALSE
280,2025,0,FALSE
292,1951,0,FALSE
292,1952,0,FALSE
292,1953,0,FALSE
292,1954,615.8716039202579,TRUE
292,1955,770.050131303852,TRUE
292,1956,0,FALSE
292,1957,0,FALSE
292,1958,0,FALSE
292,1959,0,FALSE
292,1960,0,FALSE
292,1961,0,FALSE
292,1962,2171.6425807175615,TRUE
292,1963,833.797781564643,TRUE
292,1964,277.93259385488096,TRUE
292,1965,555.8651877097619,TRUE
292,1966,51.57289152288,TRUE
292,1967,0,FALSE
292,1968,257.58263853504,TRUE
292,1969,0,FALSE
292,1970,34.187390706546005,TRUE
292,1971,128.79131926752,TRUE
292,1972,0,FALSE
292,1973,0,FALSE
292,1974,0,FALSE
292,1975,0,FALSE
292,1976,0,FALSE
292,1977,0,FALSE
292,1978,0,FALSE
292,1979,0,FALSE
292,1980,0,FALSE
292,1981,0,FALSE
292,1982,0,FALSE
292,1983,0,FALSE
292,1984,0,FALSE
292,1985,0,FALSE
292,1986,0,FALSE
292,1987,0,FALSE
292,1988,0,FALSE
292,1989,0,FALSE
292,1990,0,FALSE
292,1991,0,FALSE
292,1992,0,FALSE
292,1993,0,FALSE
292,1994,0,FALSE
292,1995,0,FALSE
292,1996,0,FALSE
292,1997,0,FALSE
292,1998,0,FALSE
292,1999,0,FALSE
292,2000,0,FALSE
292,2001,0,FALSE
292,2002,0,FALSE
292,2003,0,FALSE
292,2004,0,FALSE
292,2005,0,FALSE
292,2006,0,FALSE
292,2007,0,FALSE
292,2008,0,FALSE
292,2009,0,FALSE
292,2010,0,FALSE
292,2011,0,FALSE
292,2012,0,FALSE
292,2013,0,FALSE
292,2014,0,FALSE
292,2015,0,FALSE
292,2016,0,FALSE
292,2017,0,FALSE
292,2018,0,FALSE
292,2019,0,FALSE
292,2020,0,FALSE
292,2021,0,FALSE
292,2022,0,FALSE
292,2023,0,FALSE
292,2024,0,FALSE
292,2025,0,FALSE
